Graph,K,Seed,Cut,Epsilon,Imbalance,Time,MaxRSS,Cores,Failed
"af_shell10",1000,1,1764765,0.03,0.042,0.654,1275504,96,0
"af_shell10",128,1,623707,0.03,0.031,0.388,1146828,96,0
"af_shell10",30000,1,9353917,0.03,3.595,10.06,3802824,96,0
"af_shell10",37,1,311500,0.03,0.023,0.668,1144784,96,0
"af_shell10",64,1,421900,0.03,0.03,0.382,1146264,96,0
"af_shell10",8,1,115350,0.03,0.002,0.32,1157500,96,0
"af_shell10",91,1,513693,0.03,0.03,0.555,1146740,96,0
"af_shell10",1000,2,1772411,0.03,0.042,0.69,1270816,96,0
"af_shell10",128,2,617390,0.03,0.032,0.742,1149892,96,0
"af_shell10",30000,2,9357300,0.03,3.675,9.629,3816912,96,0
"af_shell10",37,2,312325,0.03,0.025,0.55,1145396,96,0
"af_shell10",64,2,423734,0.03,0.03,0.767,1149548,96,0
"af_shell10",8,2,115925,0.03,0.003,0.344,1157012,96,0
"af_shell10",91,2,515314,0.03,0.03,0.518,1149876,96,0
"af_shell10",1000,3,1772068,0.03,0.04,0.655,1263568,96,0
"af_shell10",128,3,615132,0.03,0.031,0.591,1146896,96,0
"af_shell10",30000,3,9349622,0.03,3.695,9.757,3651536,96,0
"af_shell10",37,3,312100,0.03,0.019,0.739,1145276,96,0
"af_shell10",64,3,419675,0.03,0.027,0.73,1146420,96,0
"af_shell10",8,3,115650,0.03,0.004,0.471,1157560,96,0
"af_shell10",91,3,518310,0.03,0.03,0.419,1144724,96,0
"af_shell10",1000,4,1767217,0.03,0.041,0.519,1242068,96,0
"af_shell10",128,4,620952,0.03,0.03,0.996,1145280,96,0
"af_shell10",30000,4,9356133,0.03,3.575,9.909,3795904,96,0
"af_shell10",37,4,313236,0.03,0.031,0.495,1144784,96,0
"af_shell10",64,4,420402,0.03,0.032,0.93,1145300,96,0
"af_shell10",8,4,116175,0.03,0.004,0.459,1158604,96,0
"af_shell10",91,4,517411,0.03,0.03,0.93,1149708,96,0
"af_shell10",1000,5,1775710,0.03,0.042,0.874,1261724,96,0
"af_shell10",128,5,616001,0.03,0.03,1.803,1148340,96,0
"af_shell10",30000,5,9354268,0.03,3.655,9.282,3735404,96,0
"af_shell10",37,5,312525,0.03,0.022,0.403,1145312,96,0
"af_shell10",64,5,421875,0.03,0.03,0.586,1146824,96,0
"af_shell10",8,5,116100,0.03,0.002,0.919,1158412,96,0
"af_shell10",91,5,516283,0.03,0.032,0.554,1145456,96,0
"arabic-2005",1000,1,34468367,0.03,0.4,16.874,42461840,96,0
"arabic-2005",128,1,12437868,0.03,0.087,15.74,42462308,96,0
"arabic-2005",30000,1,314445044,0.03,3.865,40.082,43335856,96,0
"arabic-2005",37,1,5917383,0.03,0.021,15.352,42462324,96,0
"arabic-2005",64,1,8029182,0.03,0.04,15.416,42464588,96,0
"arabic-2005",8,1,3414380,0.03,0.004,15.021,42463760,96,0
"arabic-2005",91,1,10232722,0.03,0.035,15.337,42460188,96,0
"arabic-2005",1000,2,34106774,0.03,0.25,16.604,42393232,96,0
"arabic-2005",128,2,12506235,0.03,0.044,15.401,42453316,96,0
"arabic-2005",30000,2,314293685,0.03,3.622,39.913,42879580,96,0
"arabic-2005",37,2,5660422,0.03,0.031,14.608,42450956,96,0
"arabic-2005",64,2,8006180,0.03,0.039,15.416,42426272,96,0
"arabic-2005",8,2,3172357,0.03,0.005,14.484,42433812,96,0
"arabic-2005",91,2,10293826,0.03,0.06,15.351,42431816,96,0
"arabic-2005",1000,3,34590018,0.03,0.52,16.809,42453144,96,0
"arabic-2005",128,3,12629574,0.03,0.067,15.97,42456964,96,0
"arabic-2005",30000,3,314391190,0.03,3.527,39.902,42715792,96,0
"arabic-2005",37,3,5514766,0.03,0.034,14.434,42443140,96,0
"arabic-2005",64,3,8285214,0.03,0.056,15.327,42433236,96,0
"arabic-2005",8,3,3050418,0.03,0.005,15.934,42412596,96,0
"arabic-2005",91,3,10354268,0.03,0.063,15.694,42463200,96,0
"arabic-2005",1000,4,34058347,0.03,0.546,16.09,42461536,96,0
"arabic-2005",128,4,12544480,0.03,0.052,15.41,42454456,96,0
"arabic-2005",30000,4,314909644,0.03,3.81,39.869,43448780,96,0
"arabic-2005",37,4,5689572,0.03,0.038,14.254,42449552,96,0
"arabic-2005",64,4,7943969,0.03,0.038,15.062,42460584,96,0
"arabic-2005",8,4,3411706,0.03,0.004,15.048,42469276,96,0
"arabic-2005",91,4,10490344,0.03,0.061,15.212,42461924,96,0
"arabic-2005",1000,5,34920923,0.03,1.556,17.009,42459556,96,0
"arabic-2005",128,5,12666366,0.03,0.051,14.535,42459212,96,0
"arabic-2005",30000,5,313963520,0.03,3.621,39.499,43450436,96,0
"arabic-2005",37,5,5731647,0.03,0.018,14.381,42448108,96,0
"arabic-2005",64,5,7964272,0.03,0.036,15.171,42452808,96,0
"arabic-2005",8,5,3213345,0.03,0.004,15.603,42463020,96,0
"arabic-2005",91,5,10497598,0.03,0.065,15.287,42466272,96,0
"asia.osm",1000,1,8062,0.03,0.052,0.823,1438404,96,0
"asia.osm",128,1,1292,0.03,0.004,0.974,1453912,96,0
"asia.osm",30000,1,108808,0.03,3.717,4.179,1604468,96,0
"asia.osm",37,1,470,0.03,0.008,1.172,1450452,96,0
"asia.osm",64,1,755,0.03,0.011,1.78,1448476,96,0
"asia.osm",8,1,84,0.03,0.004,0.881,1476536,96,0
"asia.osm",91,1,985,0.03,0.001,0.915,1453164,96,0
"asia.osm",1000,2,8142,0.03,0.039,1.108,1433772,96,0
"asia.osm",128,2,1304,0.03,0.004,0.82,1452900,96,0
"asia.osm",30000,2,108611,0.03,3.3,5.314,1691120,96,0
"asia.osm",37,2,450,0.03,0.001,1.16,1454600,96,0
"asia.osm",64,2,722,0.03,0.001,0.983,1449812,96,0
"asia.osm",8,2,81,0.03,0.008,0.865,1466268,96,0
"asia.osm",91,2,965,0.03,0.001,1.057,1444932,96,0
"asia.osm",1000,3,8058,0.03,0.066,0.87,1438900,96,0
"asia.osm",128,3,1296,0.03,0.002,1.312,1448248,96,0
"asia.osm",30000,3,108790,0.03,3.461,4.825,1577568,96,0
"asia.osm",37,3,442,0.03,0.005,1.065,1449096,96,0
"asia.osm",64,3,710,0.03,0.002,1.51,1449632,96,0
"asia.osm",8,3,86,0.03,0.007,0.815,1478340,96,0
"asia.osm",91,3,985,0.03,0.003,1.069,1446340,96,0
"asia.osm",1000,4,8043,0.03,0.036,0.869,1433988,96,0
"asia.osm",128,4,1325,0.03,0.002,0.992,1450176,96,0
"asia.osm",30000,4,108878,0.03,3.626,4.975,1584648,96,0
"asia.osm",37,4,444,0.03,0.004,1.087,1444116,96,0
"asia.osm",64,4,737,0.03,0.005,0.805,1456584,96,0
"asia.osm",8,4,80,0.03,0.008,0.865,1468624,96,0
"asia.osm",91,4,956,0.03,0.002,0.922,1444676,96,0
"asia.osm",1000,5,8107,0.03,0.048,1.884,1429236,96,0
"asia.osm",128,5,1276,0.03,0.001,1.114,1439404,96,0
"asia.osm",30000,5,108511,0.03,3.242,3.86,1640968,96,0
"asia.osm",37,5,446,0.03,0.012,0.831,1448652,96,0
"asia.osm",64,5,727,0.03,0.002,1.339,1437372,96,0
"asia.osm",8,5,91,0.03,0.008,1.071,1465292,96,0
"asia.osm",91,5,995,0.03,0.004,1.201,1448392,96,0
"audikw1",1000,1,9746595,0.03,0.055,1.434,2483860,96,0
"audikw1",128,1,4151710,0.03,0.032,0.762,2080136,96,0
"audikw1",30000,1,27627851,0.03,3.768,19.932,9867456,96,0
"audikw1",37,1,2181295,0.03,0.033,0.441,1890892,96,0
"audikw1",64,1,2917201,0.03,0.032,0.727,1967844,96,0
"audikw1",8,1,802552,0.03,0.008,0.522,1865232,96,0
"audikw1",91,1,3497352,0.03,0.031,0.737,2022656,96,0
"audikw1",1000,2,9758319,0.03,0.053,1.658,2493844,96,0
"audikw1",128,2,4125255,0.03,0.032,1.131,2077988,96,0
"audikw1",30000,2,27630426,0.03,3.768,20.222,9731776,96,0
"audikw1",37,2,2191548,0.03,0.03,0.711,1888920,96,0
"audikw1",64,2,2959815,0.03,0.032,0.927,1969220,96,0
"audikw1",8,2,791433,0.03,0.013,0.659,1869916,96,0
"audikw1",91,2,3495420,0.03,0.031,2.784,2014340,96,0
"audikw1",1000,3,9742515,0.03,0.049,1.023,2470756,96,0
"audikw1",128,3,4169766,0.03,0.04,0.76,2079816,96,0
"audikw1",30000,3,27630167,0.03,3.768,20.369,9756152,96,0
"audikw1",37,3,2190784,0.03,0.03,0.78,1879188,96,0
"audikw1",64,3,2913863,0.03,0.031,0.92,1970308,96,0
"audikw1",8,3,792431,0.03,0.02,0.882,1870440,96,0
"audikw1",91,3,3521434,0.03,0.037,0.754,2015432,96,0
"audikw1",1000,4,9765946,0.03,0.056,1.083,2475848,96,0
"audikw1",128,4,4176898,0.03,0.031,0.761,2073332,96,0
"audikw1",30000,4,27630463,0.03,3.768,20.309,9925648,96,0
"audikw1",37,4,2216797,0.03,0.03,0.58,1881256,96,0
"audikw1",64,4,2933383,0.03,0.031,1.391,1961920,96,0
"audikw1",8,4,797493,0.03,0.025,0.673,1865216,96,0
"audikw1",91,4,3516014,0.03,0.033,1.155,2011256,96,0
"audikw1",1000,5,9752331,0.03,0.059,1.244,2461028,96,0
"audikw1",128,5,4144474,0.03,0.031,0.763,2080960,96,0
"audikw1",30000,5,27624219,0.03,3.768,20.302,9749380,96,0
"audikw1",37,5,2195583,0.03,0.03,1.411,1887424,96,0
"audikw1",64,5,2917458,0.03,0.031,0.772,1972848,96,0
"audikw1",8,5,789659,0.03,0.008,1.185,1880676,96,0
"audikw1",91,5,3476079,0.03,0.031,0.75,2012788,96,0
"bn-human-Jung2015_M87117515",1000,1,13952053,0.03,0.103,2.067,3507532,96,0
"bn-human-Jung2015_M87117515",128,1,4836385,0.03,0.049,0.916,2928052,96,0
"bn-human-Jung2015_M87117515",30000,1,39012032,0.03,3.812,26.527,12892940,96,0
"bn-human-Jung2015_M87117515",37,1,2112529,0.03,0.031,1.475,2897076,96,0
"bn-human-Jung2015_M87117515",64,1,3105306,0.03,0.032,0.863,2889532,96,0
"bn-human-Jung2015_M87117515",8,1,505110,0.03,0.007,0.625,2943296,96,0
"bn-human-Jung2015_M87117515",91,1,3868098,0.03,0.072,1.324,2905356,96,0
"bn-human-Jung2015_M87117515",1000,2,13954835,0.03,0.217,1.237,3535496,96,0
"bn-human-Jung2015_M87117515",128,2,4979785,0.03,0.051,0.8,2941752,96,0
"bn-human-Jung2015_M87117515",30000,2,39013186,0.03,3.812,26.366,12393368,96,0
"bn-human-Jung2015_M87117515",37,2,2135299,0.03,0.033,1.39,2888092,96,0
"bn-human-Jung2015_M87117515",64,2,3086908,0.03,0.034,0.542,2914104,96,0
"bn-human-Jung2015_M87117515",8,2,540951,0.03,0.007,0.445,2941752,96,0
"bn-human-Jung2015_M87117515",91,2,3991927,0.03,0.034,0.802,2907888,96,0
"bn-human-Jung2015_M87117515",1000,3,14004734,0.03,0.136,1.873,3551524,96,0
"bn-human-Jung2015_M87117515",128,3,4888079,0.03,0.034,1.836,2920248,96,0
"bn-human-Jung2015_M87117515",30000,3,39011508,0.03,3.812,25.595,13121444,96,0
"bn-human-Jung2015_M87117515",37,3,2201056,0.03,0.032,1.22,2895824,96,0
"bn-human-Jung2015_M87117515",64,3,3050733,0.03,0.032,0.864,2899632,96,0
"bn-human-Jung2015_M87117515",8,3,457871,0.03,0.025,1.122,2961632,96,0
"bn-human-Jung2015_M87117515",91,3,3947514,0.03,0.041,0.58,2900276,96,0
"bn-human-Jung2015_M87117515",1000,4,14146115,0.03,0.196,1.395,3525400,96,0
"bn-human-Jung2015_M87117515",128,4,4932616,0.03,0.048,0.603,2955580,96,0
"bn-human-Jung2015_M87117515",30000,4,39010692,0.03,3.812,25.947,13039416,96,0
"bn-human-Jung2015_M87117515",37,4,2078922,0.03,0.031,1.034,2885312,96,0
"bn-human-Jung2015_M87117515",64,4,3204458,0.03,0.033,0.939,2897108,96,0
"bn-human-Jung2015_M87117515",8,4,519067,0.03,0.018,1.142,2965676,96,0
"bn-human-Jung2015_M87117515",91,4,3965993,0.03,0.04,0.924,2885720,96,0
"bn-human-Jung2015_M87117515",1000,5,14436277,0.03,0.199,1.022,3529404,96,0
"bn-human-Jung2015_M87117515",128,5,4966010,0.03,0.056,0.751,2940216,96,0
"bn-human-Jung2015_M87117515",30000,5,39012708,0.03,3.812,26.361,13141984,96,0
"bn-human-Jung2015_M87117515",37,5,2151520,0.03,0.038,0.918,2889396,96,0
"bn-human-Jung2015_M87117515",64,5,3198551,0.03,0.038,0.515,2891064,96,0
"bn-human-Jung2015_M87117515",8,5,494153,0.03,0.023,1.124,2929548,96,0
"bn-human-Jung2015_M87117515",91,5,3990830,0.03,0.033,2.075,2898140,96,0
"bn-human-Jung2015_M87122310",1000,1,39048309,0.03,0.172,2.972,6361296,96,0
"bn-human-Jung2015_M87122310",128,1,12627516,0.03,0.037,1.38,5270252,96,0
"bn-human-Jung2015_M87122310",30000,1,83093285,0.03,3.804,46.373,24570668,96,0
"bn-human-Jung2015_M87122310",37,1,5071906,0.03,0.033,1.916,5223244,96,0
"bn-human-Jung2015_M87122310",64,1,7753148,0.03,0.034,1.31,5233576,96,0
"bn-human-Jung2015_M87122310",8,1,1318029,0.03,0.029,1.099,5316576,96,0
"bn-human-Jung2015_M87122310",91,1,10029176,0.03,0.036,1.353,5245720,96,0
"bn-human-Jung2015_M87122310",1000,2,39002990,0.03,0.138,4.102,6426772,96,0
"bn-human-Jung2015_M87122310",128,2,12477443,0.03,0.038,1.401,5288056,96,0
"bn-human-Jung2015_M87122310",30000,2,83095194,0.03,3.804,46.021,24566496,96,0
"bn-human-Jung2015_M87122310",37,2,5002528,0.03,0.035,2.198,5218740,96,0
"bn-human-Jung2015_M87122310",64,2,7664846,0.03,0.05,1.381,5227724,96,0
"bn-human-Jung2015_M87122310",8,2,1311013,0.03,0.012,1.143,5315420,96,0
"bn-human-Jung2015_M87122310",91,2,10184257,0.03,0.05,2.072,5239300,96,0
"bn-human-Jung2015_M87122310",1000,3,38887386,0.03,0.241,2.428,6365064,96,0
"bn-human-Jung2015_M87122310",128,3,12660503,0.03,0.04,2.23,5284144,96,0
"bn-human-Jung2015_M87122310",30000,3,83094091,0.03,3.804,45.664,23839520,96,0
"bn-human-Jung2015_M87122310",37,3,4904461,0.03,0.032,1.846,5218728,96,0
"bn-human-Jung2015_M87122310",64,3,7689359,0.03,0.033,1.307,5233328,96,0
"bn-human-Jung2015_M87122310",8,3,1334670,0.03,0.03,1.095,5315808,96,0
"bn-human-Jung2015_M87122310",91,3,10107889,0.03,0.036,1.345,5244472,96,0
"bn-human-Jung2015_M87122310",1000,4,38997661,0.03,0.214,2.202,6444688,96,0
"bn-human-Jung2015_M87122310",128,4,12491924,0.03,0.04,1.442,5283284,96,0
"bn-human-Jung2015_M87122310",30000,4,83094036,0.03,3.804,46.041,24534008,96,0
"bn-human-Jung2015_M87122310",37,4,4868845,0.03,0.032,1.231,5224924,96,0
"bn-human-Jung2015_M87122310",64,4,7829943,0.03,0.035,1.919,5232236,96,0
"bn-human-Jung2015_M87122310",8,4,1339741,0.03,0.007,1.127,5321932,96,0
"bn-human-Jung2015_M87122310",91,4,9933115,0.03,0.04,1.428,5241728,96,0
"bn-human-Jung2015_M87122310",1000,5,38943852,0.03,0.144,2.323,6401668,96,0
"bn-human-Jung2015_M87122310",128,5,12774646,0.03,0.039,2.409,5258756,96,0
"bn-human-Jung2015_M87122310",30000,5,83094741,0.03,3.804,46.411,24547992,96,0
"bn-human-Jung2015_M87122310",37,5,4999501,0.03,0.032,1.232,5224608,96,0
"bn-human-Jung2015_M87122310",64,5,7530667,0.03,0.035,1.383,5229728,96,0
"bn-human-Jung2015_M87122310",8,5,1312471,0.03,0.03,1.094,5316804,96,0
"bn-human-Jung2015_M87122310",91,5,10145585,0.03,0.052,1.967,5232208,96,0
"bn-human-Jung2015_M87123142",1000,1,20546153,0.03,0.101,2.241,3933616,96,0
"bn-human-Jung2015_M87123142",128,1,7885873,0.03,0.04,0.74,3429024,96,0
"bn-human-Jung2015_M87123142",30000,1,45447652,0.03,3.82,29.429,14954056,96,0
"bn-human-Jung2015_M87123142",37,1,3627137,0.03,0.043,0.739,3278116,96,0
"bn-human-Jung2015_M87123142",64,1,5280863,0.03,0.034,0.977,3285308,96,0
"bn-human-Jung2015_M87123142",8,1,957440,0.03,0.029,0.601,3453220,96,0
"bn-human-Jung2015_M87123142",91,1,6382475,0.03,0.034,0.836,3294020,96,0
"bn-human-Jung2015_M87123142",1000,2,20662504,0.03,0.156,2.245,4025748,96,0
"bn-human-Jung2015_M87123142",128,2,7955179,0.03,0.072,0.757,3439396,96,0
"bn-human-Jung2015_M87123142",30000,2,45446131,0.03,3.82,28.577,14564688,96,0
"bn-human-Jung2015_M87123142",37,2,3665546,0.03,0.034,0.821,3403492,96,0
"bn-human-Jung2015_M87123142",64,2,5226938,0.03,0.041,0.633,3285796,96,0
"bn-human-Jung2015_M87123142",8,2,916390,0.03,0.016,0.523,3317284,96,0
"bn-human-Jung2015_M87123142",91,2,6330232,0.03,0.053,0.748,3293480,96,0
"bn-human-Jung2015_M87123142",1000,3,20591920,0.03,0.173,1.279,3934032,96,0
"bn-human-Jung2015_M87123142",128,3,7799718,0.03,0.056,0.748,3354916,96,0
"bn-human-Jung2015_M87123142",30000,3,45445387,0.03,3.82,28.551,14531748,96,0
"bn-human-Jung2015_M87123142",37,3,3558169,0.03,0.043,0.867,3279648,96,0
"bn-human-Jung2015_M87123142",64,3,5130720,0.03,0.035,0.677,3276580,96,0
"bn-human-Jung2015_M87123142",8,3,992796,0.03,0.025,0.611,3319584,96,0
"bn-human-Jung2015_M87123142",91,3,6413749,0.03,0.04,0.751,3428644,96,0
"bn-human-Jung2015_M87123142",1000,4,20929384,0.03,0.168,1.286,3978712,96,0
"bn-human-Jung2015_M87123142",128,4,7890475,0.03,0.036,1.419,3425620,96,0
"bn-human-Jung2015_M87123142",30000,4,45449793,0.03,3.82,28.88,14393404,96,0
"bn-human-Jung2015_M87123142",37,4,3718245,0.03,0.032,1.303,3411748,96,0
"bn-human-Jung2015_M87123142",64,4,5177116,0.03,0.034,2.036,3360060,96,0
"bn-human-Jung2015_M87123142",8,4,963787,0.03,0.019,1.423,3463160,96,0
"bn-human-Jung2015_M87123142",91,4,6373205,0.03,0.054,0.706,3420516,96,0
"bn-human-Jung2015_M87123142",1000,5,20470393,0.03,0.197,1.316,3970044,96,0
"bn-human-Jung2015_M87123142",128,5,8010017,0.03,0.037,1.319,3426852,96,0
"bn-human-Jung2015_M87123142",30000,5,45446899,0.03,3.82,28.406,14477268,96,0
"bn-human-Jung2015_M87123142",37,5,3532391,0.03,0.036,0.675,3270436,96,0
"bn-human-Jung2015_M87123142",64,5,5082967,0.03,0.033,0.679,3404588,96,0
"bn-human-Jung2015_M87123142",8,5,959418,0.03,0.023,1.125,3463056,96,0
"bn-human-Jung2015_M87123142",91,5,6425658,0.03,0.036,1.396,3294744,96,0
"bn-human-Jung2015_M87126525",1000,1,68858523,0.03,0.203,4.286,9622924,96,0
"bn-human-Jung2015_M87126525",128,1,27550355,0.03,0.04,2.163,8126360,96,0
"bn-human-Jung2015_M87126525",30000,1,132982721,0.03,3.795,69.109,35035760,96,0
"bn-human-Jung2015_M87126525",37,1,13291766,0.03,0.033,1.994,8085048,96,0
"bn-human-Jung2015_M87126525",64,1,18327285,0.03,0.036,2.02,8104368,96,0
"bn-human-Jung2015_M87126525",8,1,3714895,0.03,0.03,2.578,8192632,96,0
"bn-human-Jung2015_M87126525",91,1,23456150,0.03,0.046,2.111,8099540,96,0
"bn-human-Jung2015_M87126525",1000,2,69141420,0.03,0.209,3.92,9634300,96,0
"bn-human-Jung2015_M87126525",128,2,28014126,0.03,0.039,2.049,8132476,96,0
"bn-human-Jung2015_M87126525",30000,2,132983184,0.03,3.795,69.496,36594772,96,0
"bn-human-Jung2015_M87126525",37,2,13286774,0.03,0.036,1.895,8081072,96,0
"bn-human-Jung2015_M87126525",64,2,18165984,0.03,0.035,2.02,8094148,96,0
"bn-human-Jung2015_M87126525",8,2,3700106,0.03,0.03,2.375,8202164,96,0
"bn-human-Jung2015_M87126525",91,2,23284213,0.03,0.037,2.132,8106524,96,0
"bn-human-Jung2015_M87126525",1000,3,68983003,0.03,0.18,3.721,9610608,96,0
"bn-human-Jung2015_M87126525",128,3,28081936,0.03,0.057,2.562,8136120,96,0
"bn-human-Jung2015_M87126525",30000,3,132982221,0.03,3.795,70.155,36299256,96,0
"bn-human-Jung2015_M87126525",37,3,13470640,0.03,0.035,1.908,8089192,96,0
"bn-human-Jung2015_M87126525",64,3,18425513,0.03,0.079,4.505,8105724,96,0
"bn-human-Jung2015_M87126525",8,3,4086373,0.03,0.026,1.71,8197660,96,0
"bn-human-Jung2015_M87126525",91,3,23065942,0.03,0.049,2.049,8112708,96,0
"bn-human-Jung2015_M87126525",1000,4,69154703,0.03,0.157,4.415,9661608,96,0
"bn-human-Jung2015_M87126525",128,4,28511641,0.03,0.065,2.125,8130716,96,0
"bn-human-Jung2015_M87126525",30000,4,132984603,0.03,3.795,69.803,36117572,96,0
"bn-human-Jung2015_M87126525",37,4,13664637,0.03,0.038,1.949,8100588,96,0
"bn-human-Jung2015_M87126525",64,4,18349757,0.03,0.035,3.227,8084336,96,0
"bn-human-Jung2015_M87126525",8,4,3572778,0.03,0.029,1.641,8197440,96,0
"bn-human-Jung2015_M87126525",91,4,23213983,0.03,0.044,2.091,8119628,96,0
"bn-human-Jung2015_M87126525",1000,5,68802758,0.03,0.202,4.754,9694380,96,0
"bn-human-Jung2015_M87126525",128,5,27875187,0.03,0.091,2.332,8135476,96,0
"bn-human-Jung2015_M87126525",30000,5,132981946,0.03,3.795,68.45,36588896,96,0
"bn-human-Jung2015_M87126525",37,5,13597624,0.03,0.032,2.37,8074972,96,0
"bn-human-Jung2015_M87126525",64,5,18839568,0.03,0.037,2.015,8104200,96,0
"bn-human-Jung2015_M87126525",8,5,3716953,0.03,0.024,2.254,8200656,96,0
"bn-human-Jung2015_M87126525",91,5,23408683,0.03,0.045,3.041,8091104,96,0
"bn-human-Jung2015_M87128519_1",1000,1,98176135,0.03,0.458,5.295,11094336,96,0
"bn-human-Jung2015_M87128519_1",128,1,44335436,0.03,0.081,3.379,9450124,96,0
"bn-human-Jung2015_M87128519_1",30000,1,159446503,0.03,3.805,80.145,42901264,96,0
"bn-human-Jung2015_M87128519_1",37,1,21666797,0.03,0.033,3.307,9360448,96,0
"bn-human-Jung2015_M87128519_1",64,1,30075292,0.03,0.038,3.403,9388560,96,0
"bn-human-Jung2015_M87128519_1",8,1,8614772,0.03,0.03,3.302,9474456,96,0
"bn-human-Jung2015_M87128519_1",91,1,36841697,0.03,0.045,2.601,9410748,96,0
"bn-human-Jung2015_M87128519_1",1000,2,98515475,0.03,0.331,5.33,11068144,96,0
"bn-human-Jung2015_M87128519_1",128,2,43703308,0.03,0.042,2.633,9451044,96,0
"bn-human-Jung2015_M87128519_1",30000,2,159450468,0.03,3.805,79.78,43951580,96,0
"bn-human-Jung2015_M87128519_1",37,2,21110416,0.03,0.039,2.687,9372144,96,0
"bn-human-Jung2015_M87128519_1",64,2,30532761,0.03,0.043,3.018,9397876,96,0
"bn-human-Jung2015_M87128519_1",8,2,8843826,0.03,0.03,3.06,9498788,96,0
"bn-human-Jung2015_M87128519_1",91,2,36677685,0.03,0.043,3.48,9417920,96,0
"bn-human-Jung2015_M87128519_1",1000,3,97898474,0.03,0.708,5.076,11072288,96,0
"bn-human-Jung2015_M87128519_1",128,3,44285671,0.03,0.051,2.659,9471748,96,0
"bn-human-Jung2015_M87128519_1",30000,3,159449786,0.03,3.805,80.787,44005888,96,0
"bn-human-Jung2015_M87128519_1",37,3,21527348,0.03,0.039,2.249,9363156,96,0
"bn-human-Jung2015_M87128519_1",64,3,30725414,0.03,0.041,2.371,9392924,96,0
"bn-human-Jung2015_M87128519_1",8,3,8850221,0.03,0.031,2.496,9487736,96,0
"bn-human-Jung2015_M87128519_1",91,3,37077499,0.03,0.058,2.618,9414928,96,0
"bn-human-Jung2015_M87128519_1",1000,4,98487665,0.03,0.289,4.832,11076280,96,0
"bn-human-Jung2015_M87128519_1",128,4,44237015,0.03,0.054,2.952,9466556,96,0
"bn-human-Jung2015_M87128519_1",30000,4,159449941,0.03,3.805,80.877,43850044,96,0
"bn-human-Jung2015_M87128519_1",37,4,22167558,0.03,0.032,2.551,9367056,96,0
"bn-human-Jung2015_M87128519_1",64,4,30924161,0.03,0.063,2.63,9395052,96,0
"bn-human-Jung2015_M87128519_1",8,4,8555225,0.03,0.027,2.858,9478752,96,0
"bn-human-Jung2015_M87128519_1",91,4,36636357,0.03,0.053,2.691,9410532,96,0
"bn-human-Jung2015_M87128519_1",1000,5,98161785,0.03,0.526,4.983,11060452,96,0
"bn-human-Jung2015_M87128519_1",128,5,43661269,0.03,0.052,2.942,9449588,96,0
"bn-human-Jung2015_M87128519_1",30000,5,159449831,0.03,3.805,79.582,44039364,96,0
"bn-human-Jung2015_M87128519_1",37,5,21976865,0.03,0.034,2.442,9369284,96,0
"bn-human-Jung2015_M87128519_1",64,5,29862361,0.03,0.047,2.618,9397088,96,0
"bn-human-Jung2015_M87128519_1",8,5,8787136,0.03,0.03,2.132,9479460,96,0
"bn-human-Jung2015_M87128519_1",91,5,37022110,0.03,0.042,2.595,9408344,96,0
"boneS10",1000,1,3625144,0.03,0.054,0.784,1561072,96,0
"boneS10",128,1,973449,0.03,0.034,0.45,1316848,96,0
"boneS10",30000,1,17182554,0.03,3.656,15.299,7051464,96,0
"boneS10",37,1,430372,0.03,0.031,0.216,1292172,96,0
"boneS10",64,1,614606,0.03,0.031,0.221,1316748,96,0
"boneS10",8,1,161478,0.03,0.005,0.211,1295244,96,0
"boneS10",91,1,779634,0.03,0.032,0.229,1316744,96,0
"boneS10",1000,2,3627148,0.03,0.059,0.427,1561644,96,0
"boneS10",128,2,976984,0.03,0.034,0.235,1317340,96,0
"boneS10",30000,2,17183512,0.03,3.722,15.538,7041752,96,0
"boneS10",37,2,432230,0.03,0.03,0.214,1292168,96,0
"boneS10",64,2,612922,0.03,0.031,0.469,1315260,96,0
"boneS10",8,2,168840,0.03,0.004,0.526,1293792,96,0
"boneS10",91,2,770882,0.03,0.033,1.334,1312336,96,0
"boneS10",1000,3,3632283,0.03,0.064,0.431,1564044,96,0
"boneS10",128,3,972018,0.03,0.033,0.235,1318280,96,0
"boneS10",30000,3,17181666,0.03,3.722,15.289,6909840,96,0
"boneS10",37,3,443355,0.03,0.03,0.213,1302920,96,0
"boneS10",64,3,629341,0.03,0.031,0.221,1313668,96,0
"boneS10",8,3,172233,0.03,0.005,0.208,1290632,96,0
"boneS10",91,3,783179,0.03,0.034,0.245,1318280,96,0
"boneS10",1000,4,3615783,0.03,0.053,0.431,1560972,96,0
"boneS10",128,4,966891,0.03,0.034,0.232,1319820,96,0
"boneS10",30000,4,17183566,0.03,3.722,15.325,7080788,96,0
"boneS10",37,4,414803,0.03,0.031,0.214,1301384,96,0
"boneS10",64,4,606028,0.03,0.031,0.221,1315208,96,0
"boneS10",8,4,160029,0.03,0.005,0.207,1278344,96,0
"boneS10",91,4,766014,0.03,0.04,0.459,1314428,96,0
"boneS10",1000,5,3623246,0.03,0.074,1.085,1567972,96,0
"boneS10",128,5,967984,0.03,0.034,0.594,1314428,96,0
"boneS10",30000,5,17183038,0.03,3.656,15.458,6814008,96,0
"boneS10",37,5,434644,0.03,0.032,0.215,1310600,96,0
"boneS10",64,5,611165,0.03,0.03,0.782,1307528,96,0
"boneS10",8,5,151434,0.03,0.005,0.208,1294100,96,0
"boneS10",91,5,761764,0.03,0.031,0.227,1315208,96,0
"Bump_2911",1000,1,9315098,0.03,0.059,0.767,3445292,96,0
"Bump_2911",128,1,4498503,0.03,0.035,1.076,3217956,96,0
"Bump_2911",30000,1,27468512,0.03,3.132,11.628,5386876,96,0
"Bump_2911",37,1,2726941,0.03,0.031,0.535,3085864,96,0
"Bump_2911",64,1,3449939,0.03,0.035,0.554,3135012,96,0
"Bump_2911",8,1,1282545,0.03,0.018,0.516,3081252,96,0
"Bump_2911",91,1,3967175,0.03,0.037,0.574,3182628,96,0
"Bump_2911",1000,2,9282245,0.03,0.04,1.092,3444692,96,0
"Bump_2911",128,2,4484577,0.03,0.037,0.599,3211812,96,0
"Bump_2911",30000,2,27469495,0.03,3.019,12.687,5392424,96,0
"Bump_2911",37,2,2743464,0.03,0.029,0.537,3101220,96,0
"Bump_2911",64,2,3423814,0.03,0.031,0.559,3135012,96,0
"Bump_2911",8,2,1305060,0.03,0.01,0.509,3086328,96,0
"Bump_2911",91,2,3981307,0.03,0.035,0.573,3184436,96,0
"Bump_2911",1000,3,9312086,0.03,0.052,0.771,3434536,96,0
"Bump_2911",128,3,4489947,0.03,0.04,0.6,3219492,96,0
"Bump_2911",30000,3,27474570,0.03,2.926,11.588,5352660,96,0
"Bump_2911",37,3,2721701,0.03,0.031,0.535,3090464,96,0
"Bump_2911",64,3,3427283,0.03,0.032,0.567,3139620,96,0
"Bump_2911",8,3,1292055,0.03,0.009,0.515,3098148,96,0
"Bump_2911",91,3,3959410,0.03,0.031,0.575,3182628,96,0
"Bump_2911",1000,4,9288149,0.03,0.047,0.773,3437612,96,0
"Bump_2911",128,4,4502375,0.03,0.033,0.589,3213348,96,0
"Bump_2911",30000,4,27471025,0.03,2.957,11.745,5470720,96,0
"Bump_2911",37,4,2747183,0.03,0.026,0.537,3099684,96,0
"Bump_2911",64,4,3409760,0.03,0.038,0.558,3142692,96,0
"Bump_2911",8,4,1286472,0.03,0.012,0.509,3090472,96,0
"Bump_2911",91,4,3972919,0.03,0.036,0.569,3186048,96,0
"Bump_2911",1000,5,9311792,0.03,0.05,0.772,3449896,96,0
"Bump_2911",128,5,4515186,0.03,0.033,0.596,3216420,96,0
"Bump_2911",30000,5,27481691,0.03,3.07,11.269,5432116,96,0
"Bump_2911",37,5,2738043,0.03,0.031,0.849,3093452,96,0
"Bump_2911",64,5,3443742,0.03,0.031,0.679,3141156,96,0
"Bump_2911",8,5,1279018,0.03,0.016,0.507,3085864,96,0
"Bump_2911",91,5,3947079,0.03,0.034,0.563,3191584,96,0
"cage15",1000,1,10023362,0.03,0.166,2.442,4315200,96,0
"cage15",128,1,5786354,0.03,0.045,2.037,4365824,96,0
"cage15",30000,1,22280191,0.03,2.277,20.282,8440568,96,0
"cage15",37,1,3873473,0.03,0.034,1.913,4360240,96,0
"cage15",64,1,4695423,0.03,0.041,2.745,4326828,96,0
"cage15",8,1,2052808,0.03,0.031,3.335,4814708,96,0
"cage15",91,1,5174182,0.03,0.06,3.2,4325908,96,0
"cage15",1000,2,9991922,0.03,0.14,2.069,4249776,96,0
"cage15",128,2,5737489,0.03,0.035,2.26,4409448,96,0
"cage15",30000,2,22317492,0.03,2.282,20.405,8426180,96,0
"cage15",37,2,3816642,0.03,0.032,1.73,4317036,96,0
"cage15",64,2,4599896,0.03,0.033,1.943,4311940,96,0
"cage15",8,2,2027186,0.03,0.022,1.806,4803136,96,0
"cage15",91,2,5212512,0.03,0.046,1.914,4322248,96,0
"cage15",1000,3,10035297,0.03,0.212,2.365,4267984,96,0
"cage15",128,3,5733468,0.03,0.043,2.002,4303924,96,0
"cage15",30000,3,22315571,0.03,2.381,21.258,8435864,96,0
"cage15",37,3,3849785,0.03,0.031,1.784,4298896,96,0
"cage15",64,3,4694253,0.03,0.045,1.9,4404768,96,0
"cage15",8,3,2107216,0.03,0.014,2.724,4907244,96,0
"cage15",91,3,5093800,0.03,0.042,1.94,4343372,96,0
"cage15",1000,4,9999912,0.03,0.189,2.918,4326508,96,0
"cage15",128,4,5711655,0.03,0.055,1.981,4403360,96,0
"cage15",30000,4,22311424,0.03,2.16,20.026,8450732,96,0
"cage15",37,4,3854078,0.03,0.039,1.725,4352932,96,0
"cage15",64,4,4700738,0.03,0.033,2.879,4323588,96,0
"cage15",8,4,2092508,0.03,0.021,1.84,4788848,96,0
"cage15",91,4,5241711,0.03,0.045,1.937,4390104,96,0
"cage15",1000,5,10051571,0.03,0.133,2.052,4308880,96,0
"cage15",128,5,5693028,0.03,0.036,2.042,4364276,96,0
"cage15",30000,5,22302256,0.03,2.259,20.156,8439220,96,0
"cage15",37,5,3884836,0.03,0.031,1.733,4337372,96,0
"cage15",64,5,4614502,0.03,0.036,2.268,4301796,96,0
"cage15",8,5,2087763,0.03,0.031,1.825,4831096,96,0
"cage15",91,5,5216934,0.03,0.058,1.932,4361864,96,0
"channel-500x100x100-b050",1000,1,4091495,0.03,0.025,1.137,2576120,96,0
"channel-500x100x100-b050",128,1,1850063,0.03,0.006,1.669,2494284,96,0
"channel-500x100x100-b050",30000,1,12650287,0.03,2.68,8.411,3762896,96,0
"channel-500x100x100-b050",37,1,1016473,0.03,0.004,0.693,2473684,96,0
"channel-500x100x100-b050",64,1,1360242,0.03,0.006,0.729,2488728,96,0
"channel-500x100x100-b050",8,1,388388,0.03,0.001,0.682,2440228,96,0
"channel-500x100x100-b050",91,1,1617155,0.03,0.009,0.766,2490248,96,0
"channel-500x100x100-b050",1000,2,4087340,0.03,0.022,0.862,2569284,96,0
"channel-500x100x100-b050",128,2,1862057,0.03,0.01,1.972,2499480,96,0
"channel-500x100x100-b050",30000,2,12642630,0.03,2.792,8.687,3753348,96,0
"channel-500x100x100-b050",37,2,1033271,0.03,0.003,0.726,2473984,96,0
"channel-500x100x100-b050",64,2,1358122,0.03,0.007,0.725,2492012,96,0
"channel-500x100x100-b050",8,2,391473,0.03,0.001,1.019,2445988,96,0
"channel-500x100x100-b050",91,2,1608235,0.03,0.007,0.794,2474184,96,0
"channel-500x100x100-b050",1000,3,4087030,0.03,0.018,1.507,2574052,96,0
"channel-500x100x100-b050",128,3,1851968,0.03,0.008,0.748,2501008,96,0
"channel-500x100x100-b050",30000,3,12649156,0.03,2.511,8.315,3698892,96,0
"channel-500x100x100-b050",37,3,1032535,0.03,0.003,0.693,2478528,96,0
"channel-500x100x100-b050",64,3,1362558,0.03,0.005,0.726,2488724,96,0
"channel-500x100x100-b050",8,3,381285,0.03,0.002,0.903,2444268,96,0
"channel-500x100x100-b050",91,3,1605257,0.03,0.009,0.767,2490260,96,0
"channel-500x100x100-b050",1000,4,4089522,0.03,0.022,0.922,2580884,96,0
"channel-500x100x100-b050",128,4,1848875,0.03,0.008,0.745,2499476,96,0
"channel-500x100x100-b050",30000,4,12650838,0.03,2.561,8.647,3718076,96,0
"channel-500x100x100-b050",37,4,1034009,0.03,0.002,0.698,2476436,96,0
"channel-500x100x100-b050",64,4,1356648,0.03,0.006,0.722,2490260,96,0
"channel-500x100x100-b050",8,4,390062,0.03,0.001,0.674,2446120,96,0
"channel-500x100x100-b050",91,4,1601546,0.03,0.005,2.295,2488236,96,0
"channel-500x100x100-b050",1000,5,4099004,0.03,0.019,0.873,2577820,96,0
"channel-500x100x100-b050",128,5,1842980,0.03,0.006,0.745,2496832,96,0
"channel-500x100x100-b050",30000,5,12642746,0.03,2.892,8.947,3746436,96,0
"channel-500x100x100-b050",37,5,1034246,0.03,0.004,0.751,2479508,96,0
"channel-500x100x100-b050",64,5,1363427,0.03,0.005,0.726,2501012,96,0
"channel-500x100x100-b050",8,5,385459,0.03,0.002,0.683,2480592,96,0
"channel-500x100x100-b050",91,5,1613731,0.03,0.006,0.726,2484116,96,0
"circuit5M",1000,1,13878397,0.03,0.733,24.008,9322320,96,0
"circuit5M",128,1,10198766,0.03,0.101,19.562,9346736,96,0
"circuit5M",30000,1,21249712,0.03,3.766,31.411,9433820,96,0
"circuit5M",37,1,8081244,0.03,0.176,15.577,9316336,96,0
"circuit5M",64,1,9309868,0.03,0.401,17.846,9318412,96,0
"circuit5M",8,1,3863931,0.03,0.019,11.307,9419336,96,0
"circuit5M",91,1,9837083,0.03,0.069,18.199,9382028,96,0
"circuit5M",1000,2,13882768,0.03,0.938,22.842,9368892,96,0
"circuit5M",128,2,10207275,0.03,0.044,18.729,9402484,96,0
"circuit5M",30000,2,21264128,0.03,4.036,31.132,9265152,96,0
"circuit5M",37,2,8081235,0.03,0.109,16.005,9386184,96,0
"circuit5M",64,2,9309511,0.03,0.164,17.922,9288080,96,0
"circuit5M",8,2,3855933,0.03,0.018,10.926,9276328,96,0
"circuit5M",91,2,9857950,0.03,0.15,17.903,9305940,96,0
"circuit5M",1000,3,13900241,0.03,1.614,23.161,9281028,96,0
"circuit5M",128,3,10194355,0.03,0.239,19.441,9304208,96,0
"circuit5M",30000,3,21240355,0.03,3.804,31.583,9310040,96,0
"circuit5M",37,3,8047671,0.03,0.053,16.312,9198196,96,0
"circuit5M",64,3,9301310,0.03,0.082,17.996,9457112,96,0
"circuit5M",8,3,3849391,0.03,0.018,11.117,9465200,96,0
"circuit5M",91,3,9818852,0.03,0.048,18.74,9425216,96,0
"circuit5M",1000,4,13842354,0.03,1.824,24.587,9321856,96,0
"circuit5M",128,4,10220344,0.03,0.048,19.526,9316464,96,0
"circuit5M",30000,4,21246304,0.03,3.766,31.215,9301384,96,0
"circuit5M",37,4,8035627,0.03,0.101,15.369,9305868,96,0
"circuit5M",64,4,9316398,0.03,0.172,18.029,9169192,96,0
"circuit5M",8,4,3801320,0.03,0.772,17.69,9311344,96,0
"circuit5M",91,4,9830789,0.03,0.087,18.038,9305580,96,0
"circuit5M",1000,5,13904567,0.03,0.485,22.951,9187800,96,0
"circuit5M",128,5,10202593,0.03,0.139,19.32,9298060,96,0
"circuit5M",30000,5,21236385,0.03,3.793,30.648,9289984,96,0
"circuit5M",37,5,8075426,0.03,0.039,16.596,9310352,96,0
"circuit5M",64,5,9300759,0.03,0.158,17.953,9481240,96,0
"circuit5M",8,5,3706297,0.03,0.081,15.888,9130128,96,0
"circuit5M",91,5,9834519,0.03,0.082,19.51,9308248,96,0
"com-Friendster",1000,1,0,0.03,0,0,584103388,96,1
"com-Friendster",128,1,0,0.03,0,0,291021960,96,1
"com-Friendster",30000,1,0,0.03,0,0,279189424,96,1
"com-Friendster",37,1,0,0.03,0,0,276702244,96,1
"com-Friendster",64,1,0,0.03,0,0,276731648,96,1
"com-Friendster",8,1,0,0.03,0,0,263265952,96,1
"com-Friendster",91,1,0,0.03,0,0,291003560,96,1
"com-Friendster",1000,2,0,0.03,0,0,584594772,96,1
"com-Friendster",128,2,0,0.03,0,0,291019552,96,1
"com-Friendster",30000,2,0,0.03,0,0,279200680,96,1
"com-Friendster",37,2,0,0.03,0,0,276671508,96,1
"com-Friendster",64,2,0,0.03,0,0,276706452,96,1
"com-Friendster",8,2,0,0.03,0,0,263272048,96,1
"com-Friendster",91,2,0,0.03,0,0,291043892,96,1
"com-Friendster",1000,3,0,0.03,0,0,584743316,96,1
"com-Friendster",128,3,0,0.03,0,0,291015136,96,1
"com-Friendster",30000,3,0,0.03,0,0,279189284,96,1
"com-Friendster",37,3,0,0.03,0,0,276693184,96,1
"com-Friendster",64,3,0,0.03,0,0,276707864,96,1
"com-Friendster",8,3,0,0.03,0,0,263254780,96,1
"com-Friendster",91,3,0,0.03,0,0,291017668,96,1
"com-Friendster",1000,4,0,0.03,0,0,584523432,96,1
"com-Friendster",128,4,0,0.03,0,0,291005760,96,1
"com-Friendster",30000,4,0,0.03,0,0,260382820,96,1
"com-Friendster",37,4,0,0.03,0,0,276700172,96,1
"com-Friendster",64,4,0,0.03,0,0,276685328,96,1
"com-Friendster",8,4,0,0.03,0,0,263276228,96,1
"com-Friendster",91,4,0,0.03,0,0,291034696,96,1
"com-Friendster",1000,5,0,0.03,0,0,584760532,96,1
"com-Friendster",128,5,0,0.03,0,0,291001876,96,1
"com-Friendster",30000,5,0,0.03,0,0,279191936,96,1
"com-Friendster",37,5,0,0.03,0,0,276679312,96,1
"com-Friendster",64,5,0,0.03,0,0,276701300,96,1
"com-Friendster",8,5,0,0.03,0,0,263275760,96,1
"com-Friendster",91,5,0,0.03,0,0,291029964,96,1
"com-lj.ungraph",1000,1,14796085,0.03,0.326,5.277,6485768,96,0
"com-lj.ungraph",128,1,11621255,0.03,0.091,4.463,6423476,96,0
"com-lj.ungraph",30000,1,20888049,0.03,2.434,23.952,16062868,96,0
"com-lj.ungraph",37,1,9696593,0.03,0.092,4.851,7078620,96,0
"com-lj.ungraph",64,1,10606846,0.03,0.072,4.622,7110628,96,0
"com-lj.ungraph",8,1,5442174,0.03,0.038,4.477,8407676,96,0
"com-lj.ungraph",91,1,11069846,0.03,0.059,4.36,6301296,96,0
"com-lj.ungraph",1000,2,14768573,0.03,0.333,6.067,6430548,96,0
"com-lj.ungraph",128,2,11555323,0.03,0.105,4.383,6292124,96,0
"com-lj.ungraph",30000,2,20884310,0.03,2.716,23.375,16088516,96,0
"com-lj.ungraph",37,2,9394756,0.03,0.084,4.371,7099724,96,0
"com-lj.ungraph",64,2,10645813,0.03,0.092,4.623,7089088,96,0
"com-lj.ungraph",8,2,5688185,0.03,0.055,4.287,8465216,96,0
"com-lj.ungraph",91,2,11106096,0.03,0.075,4.522,6341688,96,0
"com-lj.ungraph",1000,3,14774025,0.03,0.295,5.518,6509480,96,0
"com-lj.ungraph",128,3,11575666,0.03,0.085,4.255,6444432,96,0
"com-lj.ungraph",30000,3,20884349,0.03,2.85,23.775,16027576,96,0
"com-lj.ungraph",37,3,9480825,0.03,0.089,4.547,7052492,96,0
"com-lj.ungraph",64,3,10485779,0.03,0.066,4.493,7108156,96,0
"com-lj.ungraph",8,3,5526961,0.03,0.054,4.307,8403656,96,0
"com-lj.ungraph",91,3,11048528,0.03,0.121,4.204,6324360,96,0
"com-lj.ungraph",1000,4,14766352,0.03,0.28,5.127,6530800,96,0
"com-lj.ungraph",128,4,11554321,0.03,0.18,4.425,6352428,96,0
"com-lj.ungraph",30000,4,20896576,0.03,2.523,23.506,16101152,96,0
"com-lj.ungraph",37,4,9359063,0.03,0.073,5.436,7083012,96,0
"com-lj.ungraph",64,4,10756795,0.03,0.077,4.48,6973580,96,0
"com-lj.ungraph",8,4,5572043,0.03,0.061,4.208,8470988,96,0
"com-lj.ungraph",91,4,11049725,0.03,0.09,4.396,6387624,96,0
"com-lj.ungraph",1000,5,14795159,0.03,0.363,5.371,6447484,96,0
"com-lj.ungraph",128,5,11692522,0.03,0.083,4.623,6353648,96,0
"com-lj.ungraph",30000,5,20901127,0.03,1.616,23.309,16014556,96,0
"com-lj.ungraph",37,5,9416934,0.03,0.062,4.43,7093312,96,0
"com-lj.ungraph",64,5,10573524,0.03,0.052,6.335,7013708,96,0
"com-lj.ungraph",8,5,5657113,0.03,0.05,4.269,8437156,96,0
"com-lj.ungraph",91,5,11022706,0.03,0.096,4.529,6433660,96,0
"com-orkut.ungraph",1000,1,72040205,0.03,0.866,17.235,18664088,96,0
"com-orkut.ungraph",128,1,54697316,0.03,0.173,14.154,18900296,96,0
"com-orkut.ungraph",30000,1,95656450,0.03,10.824,77.773,52241764,96,0
"com-orkut.ungraph",37,1,41219160,0.03,0.175,12.813,18835112,96,0
"com-orkut.ungraph",64,1,46820855,0.03,0.244,14.233,19001176,96,0
"com-orkut.ungraph",8,1,23723336,0.03,0.072,13.587,22024168,96,0
"com-orkut.ungraph",91,1,51099181,0.03,0.246,14.738,19069056,96,0
"com-orkut.ungraph",1000,2,71966725,0.03,1.009,17.501,19101296,96,0
"com-orkut.ungraph",128,2,54827132,0.03,0.264,14.567,19310168,96,0
"com-orkut.ungraph",30000,2,95738048,0.03,5.034,77.585,52204708,96,0
"com-orkut.ungraph",37,2,41103556,0.03,0.31,13.327,18758772,96,0
"com-orkut.ungraph",64,2,47143092,0.03,0.347,13.849,18780000,96,0
"com-orkut.ungraph",8,2,23452823,0.03,0.139,12.892,22327668,96,0
"com-orkut.ungraph",91,2,50785917,0.03,0.552,14.186,18963780,96,0
"com-orkut.ungraph",1000,3,72094038,0.03,1.66,17.945,18625256,96,0
"com-orkut.ungraph",128,3,55170583,0.03,0.36,14.107,19090684,96,0
"com-orkut.ungraph",30000,3,95714498,0.03,8.803,75.4,52110448,96,0
"com-orkut.ungraph",37,3,41007765,0.03,0.358,13.323,19030404,96,0
"com-orkut.ungraph",64,3,47703215,0.03,0.201,14.137,19254956,96,0
"com-orkut.ungraph",8,3,23767737,0.03,0.134,14.362,22069844,96,0
"com-orkut.ungraph",91,3,50850177,0.03,0.376,13.738,19050960,96,0
"com-orkut.ungraph",1000,4,71901679,0.03,0.877,17.665,18534488,96,0
"com-orkut.ungraph",128,4,55219824,0.03,0.421,13.846,19072400,96,0
"com-orkut.ungraph",30000,4,95610079,0.03,14.143,75.933,52161924,96,0
"com-orkut.ungraph",37,4,41674278,0.03,0.123,13.958,18868596,96,0
"com-orkut.ungraph",64,4,47518939,0.03,0.288,13.43,19025840,96,0
"com-orkut.ungraph",8,4,23332580,0.03,0.071,13.355,22107600,96,0
"com-orkut.ungraph",91,4,50741997,0.03,0.43,13.82,19092944,96,0
"com-orkut.ungraph",1000,5,72395672,0.03,1.206,17.578,18555548,96,0
"com-orkut.ungraph",128,5,54989527,0.03,0.324,15.103,19183544,96,0
"com-orkut.ungraph",30000,5,95607026,0.03,17.17,75.646,52199180,96,0
"com-orkut.ungraph",37,5,41347659,0.03,0.291,14.359,19178928,96,0
"com-orkut.ungraph",64,5,47305452,0.03,0.289,13.668,19208344,96,0
"com-orkut.ungraph",8,5,23358030,0.03,0.086,12.764,22309828,96,0
"com-orkut.ungraph",91,5,51392141,0.03,0.295,14.06,19092288,96,0
"Cube_Coup_dt6",1000,1,10814740,0.03,0.042,0.807,3626568,96,0
"Cube_Coup_dt6",128,1,5051929,0.03,0.037,0.537,3231816,96,0
"Cube_Coup_dt6",30000,1,32192346,0.03,3.49,19.342,10090416,96,0
"Cube_Coup_dt6",37,1,2973837,0.03,0.03,0.488,3036744,96,0
"Cube_Coup_dt6",64,1,3804940,0.03,0.031,0.836,3140164,96,0
"Cube_Coup_dt6",8,1,1265215,0.03,0.018,0.644,3012164,96,0
"Cube_Coup_dt6",91,1,4392358,0.03,0.034,2.339,3185088,96,0
"Cube_Coup_dt6",1000,2,10821693,0.03,0.056,1.102,3642276,96,0
"Cube_Coup_dt6",128,2,5065095,0.03,0.034,0.543,3231812,96,0
"Cube_Coup_dt6",30000,2,32200858,0.03,3.49,19.005,10105584,96,0
"Cube_Coup_dt6",37,2,2920014,0.03,0.035,0.494,3052096,96,0
"Cube_Coup_dt6",64,2,3795223,0.03,0.03,0.52,3138116,96,0
"Cube_Coup_dt6",8,2,1270494,0.03,0.021,0.921,3019168,96,0
"Cube_Coup_dt6",91,2,4411224,0.03,0.038,0.519,3188804,96,0
"Cube_Coup_dt6",1000,3,10813814,0.03,0.048,1.296,3633808,96,0
"Cube_Coup_dt6",128,3,5055338,0.03,0.038,0.542,3225660,96,0
"Cube_Coup_dt6",30000,3,32191710,0.03,3.31,18.619,10110776,96,0
"Cube_Coup_dt6",37,3,2944667,0.03,0.03,0.486,3042884,96,0
"Cube_Coup_dt6",64,3,3799577,0.03,0.031,0.507,3148868,96,0
"Cube_Coup_dt6",8,3,1253616,0.03,0.027,1.069,3006356,96,0
"Cube_Coup_dt6",91,3,4435176,0.03,0.032,1.205,3190112,96,0
"Cube_Coup_dt6",1000,4,10816128,0.03,0.045,0.775,3635936,96,0
"Cube_Coup_dt6",128,4,5046923,0.03,0.032,0.536,3221060,96,0
"Cube_Coup_dt6",30000,4,32190799,0.03,3.241,18.812,10305008,96,0
"Cube_Coup_dt6",37,4,2941083,0.03,0.032,0.483,3041348,96,0
"Cube_Coup_dt6",64,4,3815677,0.03,0.033,0.972,3149252,96,0
"Cube_Coup_dt6",8,4,1269822,0.03,0.008,1.974,3014128,96,0
"Cube_Coup_dt6",91,4,4386787,0.03,0.031,0.522,3191876,96,0
"Cube_Coup_dt6",1000,5,10821671,0.03,0.048,0.957,3629724,96,0
"Cube_Coup_dt6",128,5,5044476,0.03,0.036,0.542,3224132,96,0
"Cube_Coup_dt6",30000,5,32193560,0.03,3.449,18.781,9897684,96,0
"Cube_Coup_dt6",37,5,2961852,0.03,0.032,0.487,3032604,96,0
"Cube_Coup_dt6",64,5,3790977,0.03,0.033,0.507,3138116,96,0
"Cube_Coup_dt6",8,5,1269664,0.03,0.01,1.157,3012552,96,0
"Cube_Coup_dt6",91,5,4377660,0.03,0.035,0.521,3188804,96,0
"delaunay_n24",1000,1,497206,0.03,0.023,1.661,3346624,96,0
"delaunay_n24",128,1,173982,0.03,0.008,1.706,3325252,96,0
"delaunay_n24",30000,1,2661842,0.03,3.486,5.902,3759864,96,0
"delaunay_n24",37,1,87280,0.03,0.001,1.493,3319948,96,0
"delaunay_n24",64,1,118986,0.03,0.001,2.184,3318692,96,0
"delaunay_n24",8,1,32532,0.03,0,1.896,3350528,96,0
"delaunay_n24",91,1,144859,0.03,0.002,3.292,3302148,96,0
"delaunay_n24",1000,2,496783,0.03,0.022,1.741,3328212,96,0
"delaunay_n24",128,2,175443,0.03,0.002,1.7,3321900,96,0
"delaunay_n24",30000,2,2662055,0.03,3.485,6.53,3757980,96,0
"delaunay_n24",37,2,88190,0.03,0.001,1.614,3313912,96,0
"delaunay_n24",64,2,118408,0.03,0.001,2.035,3326496,96,0
"delaunay_n24",8,2,31900,0.03,0,1.787,3327748,96,0
"delaunay_n24",91,2,145234,0.03,0.002,2.157,3322704,96,0
"delaunay_n24",1000,3,499053,0.03,0.023,1.913,3335684,96,0
"delaunay_n24",128,3,174156,0.03,0.004,1.692,3330416,96,0
"delaunay_n24",30000,3,2660889,0.03,3.467,6.504,3747728,96,0
"delaunay_n24",37,3,88003,0.03,0.001,1.487,3338972,96,0
"delaunay_n24",64,3,120787,0.03,0.002,2.562,3315472,96,0
"delaunay_n24",8,3,32597,0.03,0,1.623,3327440,96,0
"delaunay_n24",91,3,144677,0.03,0.005,1.56,3333844,96,0
"delaunay_n24",1000,4,498389,0.03,0.023,1.65,3344468,96,0
"delaunay_n24",128,4,173742,0.03,0.006,1.565,3319396,96,0
"delaunay_n24",30000,4,2659167,0.03,3.315,6.666,3753388,96,0
"delaunay_n24",37,4,88527,0.03,0.001,1.51,3322024,96,0
"delaunay_n24",64,4,119931,0.03,0.002,1.492,3322700,96,0
"delaunay_n24",8,4,31809,0.03,0,1.686,3352044,96,0
"delaunay_n24",91,4,145720,0.03,0.003,1.525,3316004,96,0
"delaunay_n24",1000,5,499082,0.03,0.024,1.64,3298384,96,0
"delaunay_n24",128,5,173894,0.03,0.011,2.388,3322504,96,0
"delaunay_n24",30000,5,2662303,0.03,3.324,6.062,3762240,96,0
"delaunay_n24",37,5,87561,0.03,0.001,1.479,3342160,96,0
"delaunay_n24",64,5,118324,0.03,0.001,1.535,3320804,96,0
"delaunay_n24",8,5,32612,0.03,0,1.978,3349844,96,0
"delaunay_n24",91,5,144592,0.03,0.004,1.516,3318228,96,0
"dewiki-2013",1000,1,23114412,0.03,1.158,6.701,7506192,96,0
"dewiki-2013",128,1,18156111,0.03,0.467,4.861,5214488,96,0
"dewiki-2013",30000,1,28962327,0.03,5.343,29.415,19707156,96,0
"dewiki-2013",37,1,14815437,0.03,0.055,4.578,6033196,96,0
"dewiki-2013",64,1,16223819,0.03,0.097,4.786,6020956,96,0
"dewiki-2013",8,1,10559062,0.03,0.068,4.289,7539008,96,0
"dewiki-2013",91,1,17290197,0.03,0.152,4.887,5070068,96,0
"dewiki-2013",1000,2,23106272,0.03,0.75,7.228,7521676,96,0
"dewiki-2013",128,2,18092704,0.03,0.879,3.975,5206916,96,0
"dewiki-2013",30000,2,28949233,0.03,9.768,29.344,19693204,96,0
"dewiki-2013",37,2,14870794,0.03,0.338,4.721,6024736,96,0
"dewiki-2013",64,2,16243808,0.03,0.344,4.532,6026972,96,0
"dewiki-2013",8,2,10460919,0.03,0.043,3.954,7358948,96,0
"dewiki-2013",91,2,17273762,0.03,0.282,5.473,5165464,96,0
"dewiki-2013",1000,3,23148697,0.03,1.783,8.214,7268948,96,0
"dewiki-2013",128,3,18127998,0.03,1.385,4.506,5170008,96,0
"dewiki-2013",30000,3,28960057,0.03,5.167,29.87,19723784,96,0
"dewiki-2013",37,3,14808643,0.03,0.119,4.111,5968604,96,0
"dewiki-2013",64,3,16295644,0.03,0.646,4.412,6019752,96,0
"dewiki-2013",8,3,10454859,0.03,0.03,4.546,7375748,96,0
"dewiki-2013",91,3,17100352,0.03,0.275,4.984,5174476,96,0
"dewiki-2013",1000,4,23107282,0.03,1.124,6.839,7500480,96,0
"dewiki-2013",128,4,18245184,0.03,1.011,5.142,5180728,96,0
"dewiki-2013",30000,4,28956966,0.03,5.696,29.552,19700920,96,0
"dewiki-2013",37,4,14815587,0.03,0.236,4.342,5994988,96,0
"dewiki-2013",64,4,16294769,0.03,0.139,6.649,5992012,96,0
"dewiki-2013",8,4,10660820,0.03,0.042,4.593,7511128,96,0
"dewiki-2013",91,4,17209775,0.03,0.311,4.394,5185232,96,0
"dewiki-2013",1000,5,23155230,0.03,1.078,7.827,7489484,96,0
"dewiki-2013",128,5,18208093,0.03,0.592,4.258,5230080,96,0
"dewiki-2013",30000,5,28954274,0.03,8.397,29.334,19685384,96,0
"dewiki-2013",37,5,14703751,0.03,0.065,4.51,6021352,96,0
"dewiki-2013",64,5,16361850,0.03,0.232,4.23,6034904,96,0
"dewiki-2013",8,5,10456131,0.03,0.038,4.778,7365008,96,0
"dewiki-2013",91,5,17206912,0.03,0.289,4.382,5171436,96,0
"dielFilterV3real",1000,1,9239739,0.03,0.067,0.839,2685948,96,0
"dielFilterV3real",128,1,3678906,0.03,0.032,0.77,2326976,96,0
"dielFilterV3real",30000,1,28244212,0.03,3.788,24.232,11293748,96,0
"dielFilterV3real",37,1,1774838,0.03,0.03,0.404,2100996,96,0
"dielFilterV3real",64,1,2442029,0.03,0.032,0.672,2177624,96,0
"dielFilterV3real",8,1,616722,0.03,0.01,0.658,2124080,96,0
"dielFilterV3real",91,1,2985936,0.03,0.032,0.624,2222344,96,0
"dielFilterV3real",1000,2,9243269,0.03,0.077,1.315,2687324,96,0
"dielFilterV3real",128,2,3670247,0.03,0.037,0.463,2328324,96,0
"dielFilterV3real",30000,2,28247159,0.03,3.788,24.015,11375692,96,0
"dielFilterV3real",37,2,1758737,0.03,0.031,0.409,2096388,96,0
"dielFilterV3real",64,2,2431042,0.03,0.031,0.431,2190088,96,0
"dielFilterV3real",8,2,587743,0.03,0.01,0.712,2122452,96,0
"dielFilterV3real",91,2,2997302,0.03,0.03,0.941,2214828,96,0
"dielFilterV3real",1000,3,9229763,0.03,0.065,1.717,2721860,96,0
"dielFilterV3real",128,3,3716644,0.03,0.033,0.957,2326484,96,0
"dielFilterV3real",30000,3,28246279,0.03,3.788,23.5,11382108,96,0
"dielFilterV3real",37,3,1794065,0.03,0.032,1.12,2085592,96,0
"dielFilterV3real",64,3,2423236,0.03,0.03,0.433,2191620,96,0
"dielFilterV3real",8,3,599540,0.03,0.008,0.719,2116488,96,0
"dielFilterV3real",91,3,3001841,0.03,0.031,0.438,2217728,96,0
"dielFilterV3real",1000,4,9247147,0.03,0.072,0.831,2680108,96,0
"dielFilterV3real",128,4,3696951,0.03,0.032,0.469,2320644,96,0
"dielFilterV3real",30000,4,28245955,0.03,3.788,24.827,11138684,96,0
"dielFilterV3real",37,4,1796374,0.03,0.03,1.113,2110280,96,0
"dielFilterV3real",64,4,2427420,0.03,0.032,1.808,2171568,96,0
"dielFilterV3real",8,4,590071,0.03,0.009,0.72,2115608,96,0
"dielFilterV3real",91,4,2966634,0.03,0.031,1.54,2214456,96,0
"dielFilterV3real",1000,5,9247627,0.03,0.065,1.184,2683528,96,0
"dielFilterV3real",128,5,3673786,0.03,0.032,0.463,2329328,96,0
"dielFilterV3real",30000,5,28248887,0.03,3.788,24.784,10776884,96,0
"dielFilterV3real",37,5,1788770,0.03,0.03,0.41,2100984,96,0
"dielFilterV3real",64,5,2432461,0.03,0.035,0.765,2174828,96,0
"dielFilterV3real",8,5,598650,0.03,0.007,0.434,2125580,96,0
"dielFilterV3real",91,5,3004794,0.03,0.033,0.721,2220704,96,0
"enwiki-2022",1000,1,90630388,0.03,0.513,23.479,27802268,96,0
"enwiki-2022",128,1,66035548,0.03,0.133,20.807,29458868,96,0
"enwiki-2022",30000,1,120173359,0.03,1.431,87.129,70722064,96,0
"enwiki-2022",37,1,52988698,0.03,0.067,22.272,33032156,96,0
"enwiki-2022",64,1,58865469,0.03,0.14,22.596,32507304,96,0
"enwiki-2022",8,1,34479572,0.03,0.059,20.78,39846768,96,0
"enwiki-2022",91,1,63422720,0.03,0.206,20.189,29625936,96,0
"enwiki-2022",1000,2,90817886,0.03,0.562,23.521,27487028,96,0
"enwiki-2022",128,2,67089758,0.03,0.114,21.948,29279856,96,0
"enwiki-2022",30000,2,120156784,0.03,2.281,86.237,70489632,96,0
"enwiki-2022",37,2,52808721,0.03,0.095,22.146,32475972,96,0
"enwiki-2022",64,2,59641981,0.03,0.117,21.867,32787520,96,0
"enwiki-2022",8,2,35309991,0.03,0.063,22.104,39904836,96,0
"enwiki-2022",91,2,63065613,0.03,0.116,21.274,29491828,96,0
"enwiki-2022",1000,3,90759094,0.03,0.447,23.8,27512680,96,0
"enwiki-2022",128,3,67017792,0.03,0.135,21.296,28689964,96,0
"enwiki-2022",30000,3,120147320,0.03,2.027,87.007,69551788,96,0
"enwiki-2022",37,3,52603726,0.03,0.13,21.722,32376028,96,0
"enwiki-2022",64,3,58679182,0.03,0.187,22.513,32795792,96,0
"enwiki-2022",8,3,35119225,0.03,0.057,23.029,39936712,96,0
"enwiki-2022",91,3,62252470,0.03,0.145,20.423,28976528,96,0
"enwiki-2022",1000,4,90800879,0.03,0.518,24.913,28002388,96,0
"enwiki-2022",128,4,66639064,0.03,0.117,21.643,29206384,96,0
"enwiki-2022",30000,4,120172195,0.03,3.08,86.013,70403052,96,0
"enwiki-2022",37,4,53115932,0.03,0.123,22.304,32800048,96,0
"enwiki-2022",64,4,58909073,0.03,0.096,22.881,32942944,96,0
"enwiki-2022",8,4,33680263,0.03,0.067,22.176,39660112,96,0
"enwiki-2022",91,4,62995255,0.03,0.144,20.071,29267784,96,0
"enwiki-2022",1000,5,90617640,0.03,0.302,23.804,27706792,96,0
"enwiki-2022",128,5,66864352,0.03,0.221,20.876,29719044,96,0
"enwiki-2022",30000,5,120120169,0.03,1.879,86.234,70768588,96,0
"enwiki-2022",37,5,52573006,0.03,0.125,21.585,32896116,96,0
"enwiki-2022",64,5,59233393,0.03,0.097,21.63,32940056,96,0
"enwiki-2022",8,5,33964276,0.03,0.038,22.993,39489100,96,0
"enwiki-2022",91,5,62801687,0.03,0.147,20.335,29469932,96,0
"eswiki-2013",1000,1,15985583,0.03,0.721,4.621,5247928,96,0
"eswiki-2013",128,1,12928246,0.03,0.246,3.179,3655008,96,0
"eswiki-2013",30000,1,19084227,0.03,17.747,24.082,14167956,96,0
"eswiki-2013",37,1,10380998,0.03,0.154,3.03,3807180,96,0
"eswiki-2013",64,1,11615798,0.03,0.36,2.894,3819332,96,0
"eswiki-2013",8,1,6805187,0.03,0.037,3.282,4379136,96,0
"eswiki-2013",91,1,12282386,0.03,0.305,3.426,3639660,96,0
"eswiki-2013",1000,2,15977666,0.03,2.13,4.861,5253928,96,0
"eswiki-2013",128,2,12923038,0.03,0.258,3.409,3810372,96,0
"eswiki-2013",30000,2,19085600,0.03,18.611,23.48,14203132,96,0
"eswiki-2013",37,2,10570401,0.03,0.135,3.054,3727524,96,0
"eswiki-2013",64,2,11578676,0.03,0.192,3.323,3672044,96,0
"eswiki-2013",8,2,6844549,0.03,0.033,3.228,4475084,96,0
"eswiki-2013",91,2,12447146,0.03,0.276,3.125,3517128,96,0
"eswiki-2013",1000,3,15988920,0.03,1.633,4.925,5258644,96,0
"eswiki-2013",128,3,12842885,0.03,0.371,3.157,3707560,96,0
"eswiki-2013",30000,3,19084875,0.03,14.14,23.644,14183324,96,0
"eswiki-2013",37,3,10412595,0.03,0.175,3.063,3748684,96,0
"eswiki-2013",64,3,11626218,0.03,0.208,2.999,3760924,96,0
"eswiki-2013",8,3,6726236,0.03,0.043,2.86,4475456,96,0
"eswiki-2013",91,3,12317472,0.03,0.351,3.304,3647576,96,0
"eswiki-2013",1000,4,15968689,0.03,0.776,4.654,5206580,96,0
"eswiki-2013",128,4,12985463,0.03,0.373,2.981,3765504,96,0
"eswiki-2013",30000,4,19084658,0.03,15.589,23.5,14186356,96,0
"eswiki-2013",37,4,10405815,0.03,0.244,2.999,3811640,96,0
"eswiki-2013",64,4,11599909,0.03,0.491,3.393,3890232,96,0
"eswiki-2013",8,4,6836568,0.03,0.056,3.039,4478408,96,0
"eswiki-2013",91,4,12357559,0.03,0.381,3.769,3639700,96,0
"eswiki-2013",1000,5,15970085,0.03,1.387,5.089,5229448,96,0
"eswiki-2013",128,5,12984381,0.03,0.206,2.738,3581312,96,0
"eswiki-2013",30000,5,19083769,0.03,18.395,24.452,14183220,96,0
"eswiki-2013",37,5,10351210,0.03,0.292,3.42,3801044,96,0
"eswiki-2013",64,5,11554366,0.03,0.197,3.381,3817848,96,0
"eswiki-2013",8,5,6921770,0.03,0.044,3.209,4416540,96,0
"eswiki-2013",91,5,12426859,0.03,0.307,2.917,3570428,96,0
"europe.osm",1000,1,26210,0.03,0.006,3.198,6260204,96,0
"europe.osm",128,1,6926,0.03,0,3.56,6266184,96,0
"europe.osm",30000,1,215607,0.03,3.73,6.75,6428056,96,0
"europe.osm",37,1,2883,0.03,0.002,3.37,6255448,96,0
"europe.osm",64,1,4270,0.03,0,3.26,6301492,96,0
"europe.osm",8,1,979,0.03,0.01,4.432,6473976,96,0
"europe.osm",91,1,5524,0.03,0.003,4.834,6279852,96,0
"europe.osm",1000,2,26187,0.03,0.008,3.666,6243252,96,0
"europe.osm",128,2,6996,0.03,0.001,3.084,6278396,96,0
"europe.osm",30000,2,215368,0.03,3.251,7.852,6314596,96,0
"europe.osm",37,2,2918,0.03,0.002,4.12,6296808,96,0
"europe.osm",64,2,4356,0.03,0.003,3.76,6270964,96,0
"europe.osm",8,2,949,0.03,0,3.4,6488688,96,0
"europe.osm",91,2,5470,0.03,0,3.72,6262896,96,0
"europe.osm",1000,3,26014,0.03,0.016,3.249,6251940,96,0
"europe.osm",128,3,6838,0.03,0.001,3.207,6283644,96,0
"europe.osm",30000,3,215138,0.03,3.514,6.628,6352668,96,0
"europe.osm",37,3,2984,0.03,0.002,3.317,6291112,96,0
"europe.osm",64,3,4171,0.03,0.005,3.427,6309516,96,0
"europe.osm",8,3,941,0.03,0,4.331,6496896,96,0
"europe.osm",91,3,5389,0.03,0.003,3.939,6272448,96,0
"europe.osm",1000,4,26329,0.03,0.012,3.811,6253812,96,0
"europe.osm",128,4,6956,0.03,0.002,3.035,6280124,96,0
"europe.osm",30000,4,215290,0.03,3.575,6.628,6337348,96,0
"europe.osm",37,4,2899,0.03,0.005,3.411,6257876,96,0
"europe.osm",64,4,4295,0.03,0,3.734,6254016,96,0
"europe.osm",8,4,1015,0.03,0,3.909,6463960,96,0
"europe.osm",91,4,5515,0.03,0,5.33,6288116,96,0
"europe.osm",1000,5,26179,0.03,0.007,3.803,6229976,96,0
"europe.osm",128,5,6913,0.03,0,3.441,6294272,96,0
"europe.osm",30000,5,215083,0.03,3.192,6.717,6324696,96,0
"europe.osm",37,5,2949,0.03,0.008,4.233,6284648,96,0
"europe.osm",64,5,4269,0.03,0.001,3.963,6297348,96,0
"europe.osm",8,5,935,0.03,0.003,4.556,6474412,96,0
"europe.osm",91,5,5461,0.03,0.001,3.043,6287320,96,0
"Flan_1565",1000,1,10704832,0.03,0.053,0.986,3453868,96,0
"Flan_1565",128,1,3693421,0.03,0.032,0.458,2952744,96,0
"Flan_1565",30000,1,34905745,0.03,3.333,20.547,9755460,96,0
"Flan_1565",37,1,1839063,0.03,0.03,0.428,2812964,96,0
"Flan_1565",64,1,2476700,0.03,0.031,0.436,2855976,96,0
"Flan_1565",8,1,507906,0.03,0.006,0.573,2796068,96,0
"Flan_1565",91,1,3070034,0.03,0.031,0.453,2892836,96,0
"Flan_1565",1000,2,10725919,0.03,0.066,0.729,3455120,96,0
"Flan_1565",128,2,3710735,0.03,0.034,0.797,2952912,96,0
"Flan_1565",30000,2,34895135,0.03,3.563,20.699,9661888,96,0
"Flan_1565",37,2,1825441,0.03,0.031,0.408,2812968,96,0
"Flan_1565",64,2,2470343,0.03,0.032,0.434,2848292,96,0
"Flan_1565",8,2,517590,0.03,0.017,0.61,2793164,96,0
"Flan_1565",91,2,3069197,0.03,0.033,1.522,2881220,96,0
"Flan_1565",1000,3,10694323,0.03,0.05,1.047,3447788,96,0
"Flan_1565",128,3,3717354,0.03,0.032,0.459,2952740,96,0
"Flan_1565",30000,3,34889105,0.03,3.486,20.132,9699688,96,0
"Flan_1565",37,3,1842886,0.03,0.03,0.751,2814720,96,0
"Flan_1565",64,3,2463572,0.03,0.03,0.428,2846756,96,0
"Flan_1565",8,3,508221,0.03,0.004,1.024,2793352,96,0
"Flan_1565",91,3,3073704,0.03,0.032,0.445,2895276,96,0
"Flan_1565",1000,4,10688931,0.03,0.065,1.065,3452112,96,0
"Flan_1565",128,4,3722129,0.03,0.032,0.795,2952804,96,0
"Flan_1565",30000,4,34900010,0.03,3.486,20.26,9696176,96,0
"Flan_1565",37,4,1782948,0.03,0.029,0.632,2812872,96,0
"Flan_1565",64,4,2462513,0.03,0.03,0.432,2848292,96,0
"Flan_1565",8,4,508005,0.03,0.008,1.124,2794580,96,0
"Flan_1565",91,4,3086713,0.03,0.031,0.675,2885312,96,0
"Flan_1565",1000,5,10696011,0.03,0.042,0.777,3448876,96,0
"Flan_1565",128,5,3747228,0.03,0.031,0.465,2957344,96,0
"Flan_1565",30000,5,34902188,0.03,3.122,20.364,9671816,96,0
"Flan_1565",37,5,1819675,0.03,0.027,1.103,2808740,96,0
"Flan_1565",64,5,2485214,0.03,0.032,0.433,2851364,96,0
"Flan_1565",8,5,514206,0.03,0.007,0.397,2794528,96,0
"Flan_1565",91,5,3056036,0.03,0.03,0.89,2897836,96,0
"frwiki-2013",1000,1,21837076,0.03,0.75,6.384,7081172,96,0
"frwiki-2013",128,1,17030451,0.03,0.276,4.341,4960776,96,0
"frwiki-2013",30000,1,27411628,0.03,9.739,28.658,18082016,96,0
"frwiki-2013",37,1,14018158,0.03,0.176,3.598,5479596,96,0
"frwiki-2013",64,1,15305127,0.03,0.289,5.404,5469384,96,0
"frwiki-2013",8,1,9201996,0.03,0.063,3.557,6791288,96,0
"frwiki-2013",91,1,16202630,0.03,0.545,3.53,4948056,96,0
"frwiki-2013",1000,2,21883549,0.03,1.001,5.733,7164668,96,0
"frwiki-2013",128,2,17050676,0.03,0.205,3.732,4838584,96,0
"frwiki-2013",30000,2,27414399,0.03,9.074,29.069,18144260,96,0
"frwiki-2013",37,2,14009816,0.03,0.133,4.185,5548932,96,0
"frwiki-2013",64,2,15391181,0.03,0.222,3.854,5556448,96,0
"frwiki-2013",8,2,9268764,0.03,0.027,3.606,6769644,96,0
"frwiki-2013",91,2,16245140,0.03,0.271,4.546,4933528,96,0
"frwiki-2013",1000,3,21857236,0.03,0.925,5.662,7162764,96,0
"frwiki-2013",128,3,17100532,0.03,0.571,4.606,4980296,96,0
"frwiki-2013",30000,3,27411749,0.03,11.426,29.075,18075396,96,0
"frwiki-2013",37,3,14148611,0.03,0.174,3.736,5559476,96,0
"frwiki-2013",64,3,15322396,0.03,0.292,3.799,5554916,96,0
"frwiki-2013",8,3,9291390,0.03,0.03,4.3,6787860,96,0
"frwiki-2013",91,3,16353188,0.03,0.279,3.573,4989636,96,0
"frwiki-2013",1000,4,21919019,0.03,1.158,6.402,7138744,96,0
"frwiki-2013",128,4,17043458,0.03,0.411,3.576,4909732,96,0
"frwiki-2013",30000,4,27411115,0.03,6.322,29.24,18106068,96,0
"frwiki-2013",37,4,14147734,0.03,0.385,3.81,5562368,96,0
"frwiki-2013",64,4,15247815,0.03,0.223,4.056,5560844,96,0
"frwiki-2013",8,4,9267959,0.03,0.067,4.131,6809908,96,0
"frwiki-2013",91,4,16387976,0.03,0.281,3.424,4926388,96,0
"frwiki-2013",1000,5,21937535,0.03,0.682,6.167,7140628,96,0
"frwiki-2013",128,5,17165627,0.03,0.286,4.806,4975844,96,0
"frwiki-2013",30000,5,27413585,0.03,6.344,29.259,18057228,96,0
"frwiki-2013",37,5,14010470,0.03,0.227,3.755,5567292,96,0
"frwiki-2013",64,5,15298579,0.03,0.303,5.171,5491356,96,0
"frwiki-2013",8,5,9439293,0.03,0.037,3.599,6806688,96,0
"frwiki-2013",91,5,16124242,0.03,0.36,4.532,4949572,96,0
"Geo_1438",1000,1,5429337,0.03,0.042,0.56,1839024,96,0
"Geo_1438",128,1,2488874,0.03,0.032,0.36,1582836,96,0
"Geo_1438",30000,1,16354816,0.03,3.36,12.893,5014988,96,0
"Geo_1438",37,1,1304509,0.03,0.032,1.033,1536840,96,0
"Geo_1438",64,1,1790521,0.03,0.031,0.68,1544396,96,0
"Geo_1438",8,1,521125,0.03,0.019,0.635,1532376,96,0
"Geo_1438",91,1,2134804,0.03,0.032,0.344,1555184,96,0
"Geo_1438",1000,2,5428955,0.03,0.047,0.733,1839404,96,0
"Geo_1438",128,2,2477672,0.03,0.033,0.395,1588976,96,0
"Geo_1438",30000,2,16352476,0.03,3.298,14.114,4823276,96,0
"Geo_1438",37,2,1305733,0.03,0.031,0.31,1535216,96,0
"Geo_1438",64,2,1776308,0.03,0.033,0.332,1538292,96,0
"Geo_1438",8,2,531987,0.03,0.01,0.633,1538484,96,0
"Geo_1438",91,2,2125369,0.03,0.033,0.564,1543100,96,0
"Geo_1438",1000,3,5430352,0.03,0.046,0.558,1843956,96,0
"Geo_1438",128,3,2493221,0.03,0.036,0.354,1587392,96,0
"Geo_1438",30000,3,16363978,0.03,3.548,12.496,5020712,96,0
"Geo_1438",37,3,1329613,0.03,0.033,0.308,1535216,96,0
"Geo_1438",64,3,1788367,0.03,0.033,0.333,1542896,96,0
"Geo_1438",8,3,521900,0.03,0.028,0.335,1559744,96,0
"Geo_1438",91,3,2136047,0.03,0.033,0.342,1552112,96,0
"Geo_1438",1000,4,5419844,0.03,0.049,0.6,1842416,96,0
"Geo_1438",128,4,2464863,0.03,0.034,0.349,1579760,96,0
"Geo_1438",30000,4,16356726,0.03,3.423,12.899,5019432,96,0
"Geo_1438",37,4,1325924,0.03,0.028,0.326,1535216,96,0
"Geo_1438",64,4,1777994,0.03,0.039,0.331,1541348,96,0
"Geo_1438",8,4,518345,0.03,0.013,0.288,1532144,96,0
"Geo_1438",91,4,2142483,0.03,0.036,0.343,1556720,96,0
"Geo_1438",1000,5,5434043,0.03,0.043,0.703,1837812,96,0
"Geo_1438",128,5,2464115,0.03,0.036,0.354,1564400,96,0
"Geo_1438",30000,5,16363954,0.03,3.319,13.112,4996544,96,0
"Geo_1438",37,5,1308195,0.03,0.031,0.313,1536752,96,0
"Geo_1438",64,5,1791290,0.03,0.03,0.326,1540636,96,0
"Geo_1438",8,5,521217,0.03,0.018,2.106,1532072,96,0
"Geo_1438",91,5,2137586,0.03,0.041,0.689,1546020,96,0
"hollywood-2011",1000,1,73666948,0.03,1.172,14.696,14621072,96,0
"hollywood-2011",128,1,51785547,0.03,0.534,9.152,12268132,96,0
"hollywood-2011",30000,1,92561654,0.03,4.131,60.762,42659416,96,0
"hollywood-2011",37,1,36388658,0.03,0.109,8.119,12642264,96,0
"hollywood-2011",64,1,43883611,0.03,0.216,7.997,12455000,96,0
"hollywood-2011",8,1,19488355,0.03,0.074,7.601,14715880,96,0
"hollywood-2011",91,1,47391799,0.03,0.19,10.308,12568816,96,0
"hollywood-2011",1000,2,73697601,0.03,1.078,13.651,14507004,96,0
"hollywood-2011",128,2,51616424,0.03,0.197,9.525,12310920,96,0
"hollywood-2011",30000,2,92611601,0.03,2.921,60.14,42652772,96,0
"hollywood-2011",37,2,34394841,0.03,0.074,7.876,12571808,96,0
"hollywood-2011",64,2,42142834,0.03,0.154,9.039,12442920,96,0
"hollywood-2011",8,2,18796937,0.03,0.059,7.414,14934440,96,0
"hollywood-2011",91,2,48627373,0.03,0.26,8.998,12456848,96,0
"hollywood-2011",1000,3,73320502,0.03,0.467,13.516,13981248,96,0
"hollywood-2011",128,3,51816827,0.03,0.5,9.837,12420960,96,0
"hollywood-2011",30000,3,92604951,0.03,2.714,61.028,42745112,96,0
"hollywood-2011",37,3,35078582,0.03,0.236,8.643,12504520,96,0
"hollywood-2011",64,3,43263254,0.03,0.264,8.342,12536372,96,0
"hollywood-2011",8,3,18225420,0.03,0.06,8.043,14813344,96,0
"hollywood-2011",91,3,47929278,0.03,0.12,9.567,12499736,96,0
"hollywood-2011",1000,4,73496557,0.03,0.802,15.339,14402840,96,0
"hollywood-2011",128,4,51876302,0.03,0.636,9.972,12500548,96,0
"hollywood-2011",30000,4,92582684,0.03,2.357,60.874,41879680,96,0
"hollywood-2011",37,4,34311113,0.03,0.173,9.277,12643484,96,0
"hollywood-2011",64,4,42791667,0.03,0.171,8.184,12737160,96,0
"hollywood-2011",8,4,18393618,0.03,0.11,8.087,14570524,96,0
"hollywood-2011",91,4,47119875,0.03,0.224,9.149,12320972,96,0
"hollywood-2011",1000,5,73378488,0.03,0.832,14.83,14973412,96,0
"hollywood-2011",128,5,51292161,0.03,0.277,9.348,12439432,96,0
"hollywood-2011",30000,5,92558737,0.03,3.044,61.216,42629248,96,0
"hollywood-2011",37,5,34131813,0.03,0.113,8.438,12457584,96,0
"hollywood-2011",64,5,43364026,0.03,0.133,8.075,12784420,96,0
"hollywood-2011",8,5,18754173,0.03,0.039,7.133,14320720,96,0
"hollywood-2011",91,5,46604485,0.03,0.245,10.153,12462816,96,0
"Hook_1498",1000,1,4835618,0.03,0.046,0.945,1768164,96,0
"Hook_1498",128,1,1974308,0.03,0.031,0.691,1515544,96,0
"Hook_1498",30000,1,15320411,0.03,3.466,12.123,4627192,96,0
"Hook_1498",37,1,1043904,0.03,0.031,0.311,1497108,96,0
"Hook_1498",64,1,1424163,0.03,0.031,0.417,1516612,96,0
"Hook_1498",8,1,411471,0.03,0.01,0.298,1469460,96,0
"Hook_1498",91,1,1682679,0.03,0.03,0.681,1516272,96,0
"Hook_1498",1000,2,4847842,0.03,0.057,0.534,1773592,96,0
"Hook_1498",128,2,1988375,0.03,0.03,0.712,1531888,96,0
"Hook_1498",30000,2,15321424,0.03,3.586,13.263,4836392,96,0
"Hook_1498",37,2,1030362,0.03,0.028,0.655,1499492,96,0
"Hook_1498",64,2,1425259,0.03,0.032,0.503,1517076,96,0
"Hook_1498",8,2,384925,0.03,0.009,0.945,1476436,96,0
"Hook_1498",91,2,1686633,0.03,0.032,0.338,1515540,96,0
"Hook_1498",1000,3,4829961,0.03,0.046,1.083,1771332,96,0
"Hook_1498",128,3,1995674,0.03,0.032,1.131,1527132,96,0
"Hook_1498",30000,3,15316291,0.03,3.246,12.394,4848600,96,0
"Hook_1498",37,3,1022043,0.03,0.029,0.597,1492044,96,0
"Hook_1498",64,3,1409758,0.03,0.03,0.513,1512848,96,0
"Hook_1498",8,3,395583,0.03,0.007,1.459,1469048,96,0
"Hook_1498",91,3,1687173,0.03,0.03,0.457,1515540,96,0
"Hook_1498",1000,4,4835483,0.03,0.048,2.078,1768288,96,0
"Hook_1498",128,4,1999456,0.03,0.032,1.447,1525436,96,0
"Hook_1498",30000,4,15318741,0.03,3.426,12.53,4877480,96,0
"Hook_1498",37,4,1034236,0.03,0.031,0.517,1498700,96,0
"Hook_1498",64,4,1419590,0.03,0.03,0.864,1513300,96,0
"Hook_1498",8,4,406965,0.03,0.014,0.293,1480212,96,0
"Hook_1498",91,4,1697797,0.03,0.032,0.332,1512468,96,0
"Hook_1498",1000,5,4834152,0.03,0.04,0.753,1768716,96,0
"Hook_1498",128,5,1990980,0.03,0.031,0.34,1518612,96,0
"Hook_1498",30000,5,15310373,0.03,3.286,13.056,4819304,96,0
"Hook_1498",37,5,1024594,0.03,0.031,1.943,1494696,96,0
"Hook_1498",64,5,1410142,0.03,0.03,0.323,1518608,96,0
"Hook_1498",8,5,395035,0.03,0.008,0.474,1477140,96,0
"Hook_1498",91,5,1692253,0.03,0.031,0.333,1515540,96,0
"HV15R",1000,1,40325215,0.03,0.073,4.002,10372472,96,0
"HV15R",128,1,19076019,0.03,0.041,1.567,8983336,96,0
"HV15R",30000,1,118613684,0.03,3.521,46.591,28991772,96,0
"HV15R",37,1,11358870,0.03,0.03,1.791,8127784,96,0
"HV15R",64,1,14127413,0.03,0.031,2.406,8299820,96,0
"HV15R",8,1,4134074,0.03,0.019,2.041,8162176,96,0
"HV15R",91,1,16532079,0.03,0.032,1.572,8531752,96,0
"HV15R",1000,2,40539299,0.03,0.067,2.761,10373420,96,0
"HV15R",128,2,19147208,0.03,0.031,1.519,9010984,96,0
"HV15R",30000,2,118640872,0.03,3.253,45.832,27687432,96,0
"HV15R",37,2,11588825,0.03,0.03,2.453,8145556,96,0
"HV15R",64,2,14214201,0.03,0.031,1.424,8293672,96,0
"HV15R",8,2,4157835,0.03,0.012,1.253,8147184,96,0
"HV15R",91,2,16423519,0.03,0.031,3.368,8528984,96,0
"HV15R",1000,3,40522642,0.03,0.063,2.28,10376496,96,0
"HV15R",128,3,19121009,0.03,0.031,2.474,9005932,96,0
"HV15R",30000,3,118659950,0.03,3.402,46.41,29486288,96,0
"HV15R",37,3,11302299,0.03,0.029,1.405,8152360,96,0
"HV15R",64,3,14186611,0.03,0.031,1.389,8285992,96,0
"HV15R",8,3,4087862,0.03,0.022,1.914,8147840,96,0
"HV15R",91,3,16555710,0.03,0.031,2.526,8524952,96,0
"HV15R",1000,4,40350630,0.03,0.081,2.209,10388780,96,0
"HV15R",128,4,18861166,0.03,0.032,2.132,8993444,96,0
"HV15R",30000,4,118608066,0.03,3.12,46.892,29636416,96,0
"HV15R",37,4,11314068,0.03,0.032,1.59,8147756,96,0
"HV15R",64,4,14380941,0.03,0.031,3.148,8306684,96,0
"HV15R",8,4,4287052,0.03,0.012,2.171,8148952,96,0
"HV15R",91,4,16589382,0.03,0.03,1.462,8544040,96,0
"HV15R",1000,5,40305194,0.03,0.062,2.479,10383596,96,0
"HV15R",128,5,18899993,0.03,0.033,2.09,8984080,96,0
"HV15R",30000,5,118625312,0.03,3.417,46.857,28485292,96,0
"HV15R",37,5,11343368,0.03,0.031,1.693,8127332,96,0
"HV15R",64,5,14303373,0.03,0.03,1.417,8295208,96,0
"HV15R",8,5,4322632,0.03,0.03,1.728,8154832,96,0
"HV15R",91,5,16500862,0.03,0.031,1.468,8540968,96,0
"imdb-2021",1000,1,1625085,0.03,0.135,0.841,1092484,96,0
"imdb-2021",128,1,719168,0.03,0.046,0.612,1058956,96,0
"imdb-2021",30000,1,2855228,0.03,3.776,6.445,2246736,96,0
"imdb-2021",37,1,458904,0.03,0.042,0.528,1059372,96,0
"imdb-2021",64,1,537330,0.03,0.044,0.572,1084808,96,0
"imdb-2021",8,1,155531,0.03,0.039,0.446,1219140,96,0
"imdb-2021",91,1,617656,0.03,0.051,0.538,1036152,96,0
"imdb-2021",1000,2,1642984,0.03,0.22,0.81,1046904,96,0
"imdb-2021",128,2,731754,0.03,0.066,0.647,1039216,96,0
"imdb-2021",30000,2,2856239,0.03,3.766,6.922,2221116,96,0
"imdb-2021",37,2,392903,0.03,0.059,0.552,1113388,96,0
"imdb-2021",64,2,477899,0.03,0.033,0.542,1045540,96,0
"imdb-2021",8,2,161002,0.03,0.021,0.473,1245716,96,0
"imdb-2021",91,2,616226,0.03,0.065,0.557,1034616,96,0
"imdb-2021",1000,3,1623267,0.03,0.177,1.371,1061484,96,0
"imdb-2021",128,3,728004,0.03,0.062,0.584,1037708,96,0
"imdb-2021",30000,3,2854955,0.03,3.375,6.667,2247476,96,0
"imdb-2021",37,3,395235,0.03,0.031,0.672,1030004,96,0
"imdb-2021",64,3,488667,0.03,0.033,0.586,1053128,96,0
"imdb-2021",8,3,156694,0.03,0.01,0.498,1196232,96,0
"imdb-2021",91,3,638109,0.03,0.041,0.582,1049904,96,0
"imdb-2021",1000,4,1636181,0.03,0.185,0.867,1068612,96,0
"imdb-2021",128,4,744413,0.03,0.061,0.586,1040848,96,0
"imdb-2021",30000,4,2858453,0.03,2.584,7.088,2237556,96,0
"imdb-2021",37,4,431859,0.03,0.037,0.514,1033080,96,0
"imdb-2021",64,4,528266,0.03,0.04,0.551,1094520,96,0
"imdb-2021",8,4,172680,0.03,0.028,0.456,1221208,96,0
"imdb-2021",91,4,598677,0.03,0.045,0.584,1055532,96,0
"imdb-2021",1000,5,1635463,0.03,0.144,1.199,1074552,96,0
"imdb-2021",128,5,697632,0.03,0.048,0.599,1066900,96,0
"imdb-2021",30000,5,2854121,0.03,2.584,7.411,2257396,96,0
"imdb-2021",37,5,412478,0.03,0.031,0.538,1099104,96,0
"imdb-2021",64,5,471949,0.03,0.035,0.573,1062344,96,0
"imdb-2021",8,5,148380,0.03,0.012,0.467,1217388,96,0
"imdb-2021",91,5,612589,0.03,0.047,0.573,1036184,96,0
"indochina-2004",1000,1,12086596,0.03,0.164,5.159,15714004,96,0
"indochina-2004",128,1,3248748,0.03,0.064,4.684,15715324,96,0
"indochina-2004",30000,1,106809619,0.03,3.754,18.336,15712300,96,0
"indochina-2004",37,1,1566970,0.03,0.029,4.41,15717160,96,0
"indochina-2004",64,1,2324305,0.03,0.031,4.461,15718992,96,0
"indochina-2004",8,1,475988,0.03,0.003,4.64,15709104,96,0
"indochina-2004",91,1,2920763,0.03,0.035,4.123,15718208,96,0
"indochina-2004",1000,2,12452602,0.03,0.209,5.033,15719868,96,0
"indochina-2004",128,2,3222329,0.03,0.087,4.413,15710404,96,0
"indochina-2004",30000,2,106940522,0.03,3.531,18.063,15719572,96,0
"indochina-2004",37,2,1384101,0.03,0.033,4.309,15714976,96,0
"indochina-2004",64,2,2360297,0.03,0.031,4.259,15710960,96,0
"indochina-2004",8,2,472398,0.03,0.017,6.024,15717308,96,0
"indochina-2004",91,2,2855954,0.03,0.032,5.191,15717052,96,0
"indochina-2004",1000,3,12160545,0.03,0.12,4.924,15709184,96,0
"indochina-2004",128,3,3168284,0.03,0.04,4.064,15715292,96,0
"indochina-2004",30000,3,106927180,0.03,3.762,17.994,15718412,96,0
"indochina-2004",37,3,1470165,0.03,0.033,4.658,15711040,96,0
"indochina-2004",64,3,2357411,0.03,0.03,4.48,15716644,96,0
"indochina-2004",8,3,507678,0.03,0.007,4.453,15702892,96,0
"indochina-2004",91,3,2812772,0.03,0.032,4.709,15705368,96,0
"indochina-2004",1000,4,12035784,0.03,0.134,4.747,15724268,96,0
"indochina-2004",128,4,3229438,0.03,0.045,4.164,15717084,96,0
"indochina-2004",30000,4,107041886,0.03,3.831,17.845,15716888,96,0
"indochina-2004",37,4,1432182,0.03,0.032,5.013,15719900,96,0
"indochina-2004",64,4,2443855,0.03,0.03,4.428,15709924,96,0
"indochina-2004",8,4,446867,0.03,0.019,4.5,15713552,96,0
"indochina-2004",91,4,2846541,0.03,0.065,4.542,15714916,96,0
"indochina-2004",1000,5,12298662,0.03,0.111,5.2,15706156,96,0
"indochina-2004",128,5,3151839,0.03,0.061,5.615,15714904,96,0
"indochina-2004",30000,5,106890911,0.03,3.831,18.935,15713728,96,0
"indochina-2004",37,5,1451578,0.03,0.03,3.876,15717288,96,0
"indochina-2004",64,5,2312508,0.03,0.032,3.978,15710868,96,0
"indochina-2004",8,5,464706,0.03,0.03,4.781,15709872,96,0
"indochina-2004",91,5,2867016,0.03,0.031,4.211,15713876,96,0
"it-2004",1000,1,48208562,0.03,0.079,28,81787880,96,0
"it-2004",128,1,29129666,0.03,0.047,25.533,81792552,96,0
"it-2004",30000,1,477727161,0.03,3.804,50.499,81787288,96,0
"it-2004",37,1,14924977,0.03,0.029,24.833,81791432,96,0
"it-2004",64,1,22808351,0.03,0.058,26.093,81701152,96,0
"it-2004",8,1,6392824,0.03,0.006,26.011,81780584,96,0
"it-2004",91,1,26071097,0.03,0.039,26.11,81706788,96,0
"it-2004",1000,2,48234468,0.03,0.214,30.131,81785004,96,0
"it-2004",128,2,28784898,0.03,0.034,26.538,81780596,96,0
"it-2004",30000,2,476573138,0.03,3.528,52.458,81786172,96,0
"it-2004",37,2,14888698,0.03,0.034,25.664,81652340,96,0
"it-2004",64,2,22514502,0.03,0.066,25.871,81782744,96,0
"it-2004",8,2,6442630,0.03,0.012,26.186,81786572,96,0
"it-2004",91,2,26533294,0.03,0.042,25.715,81780232,96,0
"it-2004",1000,3,48085970,0.03,0.218,28.579,81778512,96,0
"it-2004",128,3,29037911,0.03,0.05,27.517,81787516,96,0
"it-2004",30000,3,477776200,0.03,3.605,54.014,81787156,96,0
"it-2004",37,3,14964716,0.03,0.031,26.037,81783908,96,0
"it-2004",64,3,22554348,0.03,0.05,25.918,81789896,96,0
"it-2004",8,3,6312453,0.03,0.008,25.886,81781904,96,0
"it-2004",91,3,26191568,0.03,0.052,26.372,81786156,96,0
"it-2004",1000,4,47918904,0.03,0.383,27.767,81680924,96,0
"it-2004",128,4,29376428,0.03,0.048,26.274,81746996,96,0
"it-2004",30000,4,477243593,0.03,3.683,56.367,81757572,96,0
"it-2004",37,4,14704122,0.03,0.033,25.549,81778032,96,0
"it-2004",64,4,22593639,0.03,0.053,25.376,81783308,96,0
"it-2004",8,4,6298418,0.03,0.005,26.236,81763676,96,0
"it-2004",91,4,26436881,0.03,0.062,25.714,81781720,96,0
"it-2004",1000,5,48022918,0.03,0.19,28.344,81789428,96,0
"it-2004",128,5,29525374,0.03,0.033,26.177,81786416,96,0
"it-2004",30000,5,477402234,0.03,2.793,52.161,81721280,96,0
"it-2004",37,5,14703062,0.03,0.032,25.008,81792180,96,0
"it-2004",64,5,22443665,0.03,0.038,26.292,81782068,96,0
"it-2004",8,5,6384670,0.03,0.005,27.054,81778408,96,0
"it-2004",91,5,26448249,0.03,0.047,25.741,81780148,96,0
"itwiki-2013",1000,1,17375441,0.03,1.962,5.78,6059224,96,0
"itwiki-2013",128,1,13797375,0.03,0.832,3.671,4242272,96,0
"itwiki-2013",30000,1,21025384,0.03,16.465,26.756,16562132,96,0
"itwiki-2013",37,1,11453084,0.03,0.224,3.254,4512208,96,0
"itwiki-2013",64,1,12210660,0.03,0.17,3.818,4477320,96,0
"itwiki-2013",8,1,7974920,0.03,0.056,2.813,5128472,96,0
"itwiki-2013",91,1,13117604,0.03,0.508,3.418,4209864,96,0
"itwiki-2013",1000,2,17357099,0.03,2.013,5.635,6088636,96,0
"itwiki-2013",128,2,13914249,0.03,0.821,3.445,4177512,96,0
"itwiki-2013",30000,2,21025981,0.03,18.708,26.219,16560524,96,0
"itwiki-2013",37,2,11301326,0.03,0.092,3.306,4449412,96,0
"itwiki-2013",64,2,12360867,0.03,0.418,3.286,4400300,96,0
"itwiki-2013",8,2,7774791,0.03,0.035,3.542,5295200,96,0
"itwiki-2013",91,2,13190188,0.03,0.349,3.652,4163880,96,0
"itwiki-2013",1000,3,17371207,0.03,1.685,6.208,6091520,96,0
"itwiki-2013",128,3,13852411,0.03,0.444,2.974,4137744,96,0
"itwiki-2013",30000,3,21025445,0.03,17.321,26.666,16542060,96,0
"itwiki-2013",37,3,11520549,0.03,0.176,3.213,4405180,96,0
"itwiki-2013",64,3,12316084,0.03,0.263,3.704,4362368,96,0
"itwiki-2013",8,3,7755206,0.03,0.044,3.53,5283440,96,0
"itwiki-2013",91,3,13069382,0.03,0.332,3.03,4228140,96,0
"itwiki-2013",1000,4,17337623,0.03,3.654,5.244,6056496,96,0
"itwiki-2013",128,4,13803181,0.03,0.3,3.114,4121920,96,0
"itwiki-2013",30000,4,21024528,0.03,15.728,26.155,16539332,96,0
"itwiki-2013",37,4,11480468,0.03,0.121,3.1,4466400,96,0
"itwiki-2013",64,4,12442235,0.03,0.2,3.241,4400144,96,0
"itwiki-2013",8,4,7840694,0.03,0.057,3.057,5277592,96,0
"itwiki-2013",91,4,13077486,0.03,0.28,3.781,4229892,96,0
"itwiki-2013",1000,5,17333550,0.03,2.275,5.513,6067932,96,0
"itwiki-2013",128,5,13885543,0.03,0.213,3.856,4171680,96,0
"itwiki-2013",30000,5,21025889,0.03,12.63,26.521,16563052,96,0
"itwiki-2013",37,5,11329250,0.03,0.631,2.982,4398840,96,0
"itwiki-2013",64,5,12303650,0.03,0.279,3.548,4402220,96,0
"itwiki-2013",8,5,7737213,0.03,0.067,3.826,5148640,96,0
"itwiki-2013",91,5,12993665,0.03,0.865,4.442,4228220,96,0
"kmer_A2a",1000,1,5188112,0.03,0.056,31.237,22229872,96,0
"kmer_A2a",128,1,4665386,0.03,0.028,32.037,22649532,96,0
"kmer_A2a",30000,1,6002830,0.03,0.849,34.29,22291676,96,0
"kmer_A2a",37,1,4150434,0.03,0.039,29.977,22944096,96,0
"kmer_A2a",64,1,4436450,0.03,0.035,30.338,22918152,96,0
"kmer_A2a",8,1,3028208,0.03,0.023,29.867,24209872,96,0
"kmer_A2a",91,1,4547001,0.03,0.024,29.996,22652144,96,0
"kmer_A2a",1000,2,5173654,0.03,0.057,30.209,22236372,96,0
"kmer_A2a",128,2,4663317,0.03,0.025,29.293,22652264,96,0
"kmer_A2a",30000,2,5995695,0.03,0.128,33.673,22259972,96,0
"kmer_A2a",37,2,4173775,0.03,0.038,29.617,22941140,96,0
"kmer_A2a",64,2,4412774,0.03,0.041,31.499,22895104,96,0
"kmer_A2a",8,2,3037958,0.03,0.026,29.903,24224876,96,0
"kmer_A2a",91,2,4542027,0.03,0.03,30.462,22666376,96,0
"kmer_A2a",1000,3,5174857,0.03,0.06,31.087,22193000,96,0
"kmer_A2a",128,3,4667672,0.03,0.023,30.189,22664656,96,0
"kmer_A2a",30000,3,5999405,0.03,0.409,34.009,22276008,96,0
"kmer_A2a",37,3,4173436,0.03,0.028,29.811,22934404,96,0
"kmer_A2a",64,3,4411380,0.03,0.029,29.555,22942756,96,0
"kmer_A2a",8,3,3018609,0.03,0.017,32.832,24243596,96,0
"kmer_A2a",91,3,4543380,0.03,0.037,29.832,22658156,96,0
"kmer_A2a",1000,4,5188184,0.03,0.06,30.193,22235316,96,0
"kmer_A2a",128,4,4658707,0.03,0.027,30.605,22657520,96,0
"kmer_A2a",30000,4,5999458,0.03,0.122,34.096,22258508,96,0
"kmer_A2a",37,4,4148521,0.03,0.039,30.229,22953456,96,0
"kmer_A2a",64,4,4413772,0.03,0.03,30.722,22959572,96,0
"kmer_A2a",8,4,3027791,0.03,0.024,30.114,24262320,96,0
"kmer_A2a",91,4,4534812,0.03,0.038,30.344,22649860,96,0
"kmer_A2a",1000,5,5180156,0.03,0.069,30.413,22187140,96,0
"kmer_A2a",128,5,4654649,0.03,0.038,30.598,22627912,96,0
"kmer_A2a",30000,5,5997964,0.03,1.141,33.725,22281236,96,0
"kmer_A2a",37,5,4154644,0.03,0.033,30.01,22941840,96,0
"kmer_A2a",64,5,4416719,0.03,0.033,30.687,22922420,96,0
"kmer_A2a",8,5,3055214,0.03,0.031,29.718,24229452,96,0
"kmer_A2a",91,5,4540246,0.03,0.035,29.873,22647648,96,0
"kmer_P1a",1000,1,4250652,0.03,0.089,24.452,18335296,96,0
"kmer_P1a",128,1,3826348,0.03,0.043,24.487,18728116,96,0
"kmer_P1a",30000,1,5174690,0.03,1.239,28.141,18573472,96,0
"kmer_P1a",37,1,3463405,0.03,0.026,23.839,18984252,96,0
"kmer_P1a",64,1,3633648,0.03,0.028,23.771,18963228,96,0
"kmer_P1a",8,1,2691543,0.03,0.02,24.822,20093960,96,0
"kmer_P1a",91,1,3731450,0.03,0.027,23.223,18725684,96,0
"kmer_P1a",1000,2,4256234,0.03,0.08,24.876,18273000,96,0
"kmer_P1a",128,2,3849748,0.03,0.029,24.199,18726624,96,0
"kmer_P1a",30000,2,5158642,0.03,0.089,28.093,18539684,96,0
"kmer_P1a",37,2,3460068,0.03,0.019,24.002,19004528,96,0
"kmer_P1a",64,2,3633290,0.03,0.021,24.074,18974084,96,0
"kmer_P1a",8,2,2677565,0.03,0.013,23.677,20069080,96,0
"kmer_P1a",91,2,3755882,0.03,0.027,23.686,18718396,96,0
"kmer_P1a",1000,3,4255226,0.03,0.065,23.619,18269800,96,0
"kmer_P1a",128,3,3834695,0.03,0.04,23.317,18673180,96,0
"kmer_P1a",30000,3,5170440,0.03,0.103,27.344,18524368,96,0
"kmer_P1a",37,3,3458163,0.03,0.015,24.154,19005928,96,0
"kmer_P1a",64,3,3644421,0.03,0.022,23.55,18992340,96,0
"kmer_P1a",8,3,2686759,0.03,0.017,24.166,20117344,96,0
"kmer_P1a",91,3,3743292,0.03,0.024,23.282,18742476,96,0
"kmer_P1a",1000,4,4247083,0.03,0.066,23.015,18326008,96,0
"kmer_P1a",128,4,3835383,0.03,0.037,24.25,18722136,96,0
"kmer_P1a",30000,4,5176962,0.03,0.698,27.368,18556220,96,0
"kmer_P1a",37,4,3463280,0.03,0.017,23.856,19005892,96,0
"kmer_P1a",64,4,3628381,0.03,0.035,24.256,19012544,96,0
"kmer_P1a",8,4,2683497,0.03,0.021,23.64,20109200,96,0
"kmer_P1a",91,4,3742657,0.03,0.023,23.735,18720672,96,0
"kmer_P1a",1000,5,4260991,0.03,0.085,23.668,18317860,96,0
"kmer_P1a",128,5,3842677,0.03,0.042,24.296,18709300,96,0
"kmer_P1a",30000,5,5177962,0.03,0.889,28.1,18513964,96,0
"kmer_P1a",37,5,3437872,0.03,0.05,23.365,18997208,96,0
"kmer_P1a",64,5,3629838,0.03,0.038,23.224,19002408,96,0
"kmer_P1a",8,5,2690360,0.03,0.016,23.595,20110960,96,0
"kmer_P1a",91,5,3741324,0.03,0.024,23.657,18700532,96,0
"kmer_V1r",1000,1,11963104,0.03,0.06,50.806,35032688,96,0
"kmer_V1r",128,1,11127929,0.03,0.072,48.947,36035268,96,0
"kmer_V1r",30000,1,13772108,0.03,0.174,53.694,34713272,96,0
"kmer_V1r",37,1,10087633,0.03,0.048,47.178,36672752,96,0
"kmer_V1r",64,1,10581284,0.03,0.062,49.226,36668020,96,0
"kmer_V1r",8,1,7585541,0.03,0.025,49.764,38940808,96,0
"kmer_V1r",91,1,10884131,0.03,0.056,47.956,35994708,96,0
"kmer_V1r",1000,2,11922543,0.03,0.048,48.865,34896696,96,0
"kmer_V1r",128,2,11147598,0.03,0.058,63.973,36028920,96,0
"kmer_V1r",30000,2,13753281,0.03,0.097,52.599,34768496,96,0
"kmer_V1r",37,2,10231071,0.03,0.036,47.769,36626568,96,0
"kmer_V1r",64,2,10714103,0.03,0.046,49.408,36613688,96,0
"kmer_V1r",8,2,7565510,0.03,0.037,48.461,38907468,96,0
"kmer_V1r",91,2,10887676,0.03,0.057,48.692,36057208,96,0
"kmer_V1r",1000,3,11962278,0.03,0.061,49.241,35016008,96,0
"kmer_V1r",128,3,11102607,0.03,0.053,48.604,36062124,96,0
"kmer_V1r",30000,3,13752294,0.03,0.106,52.671,34776652,96,0
"kmer_V1r",37,3,10186421,0.03,0.038,47.23,36652772,96,0
"kmer_V1r",64,3,10658181,0.03,0.037,49.7,36634484,96,0
"kmer_V1r",8,3,7599875,0.03,0.034,48.26,38924728,96,0
"kmer_V1r",91,3,10908132,0.03,0.057,50.152,36051280,96,0
"kmer_V1r",1000,4,11917215,0.03,0.055,50.367,34843288,96,0
"kmer_V1r",128,4,11161790,0.03,0.065,50.745,36059664,96,0
"kmer_V1r",30000,4,13780530,0.03,0.455,53.219,34696120,96,0
"kmer_V1r",37,4,10245829,0.03,0.043,47.111,36678384,96,0
"kmer_V1r",64,4,10628659,0.03,0.035,48.704,36668140,96,0
"kmer_V1r",8,4,7651211,0.03,0.06,48.44,38884704,96,0
"kmer_V1r",91,4,10881662,0.03,0.038,47.755,36060616,96,0
"kmer_V1r",1000,5,11979933,0.03,0.063,48.838,34795556,96,0
"kmer_V1r",128,5,11075094,0.03,0.065,49.346,36020428,96,0
"kmer_V1r",30000,5,13751387,0.03,0.109,52.603,34767512,96,0
"kmer_V1r",37,5,10188078,0.03,0.042,47.707,36563476,96,0
"kmer_V1r",64,5,10648432,0.03,0.043,48.702,36687116,96,0
"kmer_V1r",8,5,7610266,0.03,0.037,47.273,38924336,96,0
"kmer_V1r",91,5,10917513,0.03,0.065,47.526,36033804,96,0
"kmer_V2a",1000,1,781676,0.03,0.062,6.051,6662560,96,0
"kmer_V2a",128,1,522608,0.03,0.022,5.688,6900492,96,0
"kmer_V2a",30000,1,1575697,0.03,2.45,10.825,6926968,96,0
"kmer_V2a",37,1,451970,0.03,0.007,6.163,6888752,96,0
"kmer_V2a",64,1,467985,0.03,0.012,6.202,6909016,96,0
"kmer_V2a",8,1,351133,0.03,0.005,5.746,7250924,96,0
"kmer_V2a",91,1,491905,0.03,0.024,5.585,6878572,96,0
"kmer_V2a",1000,2,778804,0.03,0.061,5.995,6757440,96,0
"kmer_V2a",128,2,523031,0.03,0.017,5.881,6862996,96,0
"kmer_V2a",30000,2,1574238,0.03,2.224,11.022,7045236,96,0
"kmer_V2a",37,2,450185,0.03,0.009,5.792,6799904,96,0
"kmer_V2a",64,2,468973,0.03,0.009,5.877,6860320,96,0
"kmer_V2a",8,2,353133,0.03,0.006,5.877,6970564,96,0
"kmer_V2a",91,2,495175,0.03,0.011,6.328,6849168,96,0
"kmer_V2a",1000,3,773064,0.03,0.092,6.107,6796124,96,0
"kmer_V2a",128,3,522193,0.03,0.019,6.868,6844884,96,0
"kmer_V2a",30000,3,1573553,0.03,0.828,11.04,6805528,96,0
"kmer_V2a",37,3,445356,0.03,0.006,6.281,6889644,96,0
"kmer_V2a",64,3,468936,0.03,0.009,6.019,6991716,96,0
"kmer_V2a",8,3,353253,0.03,0.006,6.057,7283612,96,0
"kmer_V2a",91,3,501300,0.03,0.012,5.621,6805080,96,0
"kmer_V2a",1000,4,771935,0.03,0.07,6.355,6705904,96,0
"kmer_V2a",128,4,522133,0.03,0.018,5.878,6847424,96,0
"kmer_V2a",30000,4,1574213,0.03,2.365,10.538,6922044,96,0
"kmer_V2a",37,4,449792,0.03,0.007,6.022,6934968,96,0
"kmer_V2a",64,4,466933,0.03,0.01,6.467,6868248,96,0
"kmer_V2a",8,4,353730,0.03,0.006,5.461,7118444,96,0
"kmer_V2a",91,4,493572,0.03,0.018,5.514,6935952,96,0
"kmer_V2a",1000,5,774319,0.03,0.099,5.93,6708820,96,0
"kmer_V2a",128,5,520273,0.03,0.021,6.377,6801872,96,0
"kmer_V2a",30000,5,1574871,0.03,0.162,11.21,6967020,96,0
"kmer_V2a",37,5,451081,0.03,0.007,5.313,6865856,96,0
"kmer_V2a",64,5,466892,0.03,0.011,5.647,6832460,96,0
"kmer_V2a",8,5,350251,0.03,0.008,5.851,7049124,96,0
"kmer_V2a",91,5,498011,0.03,0.012,6.025,6850336,96,0
"kron_g500-simple-logn19",1000,1,20760824,0.03,54.351,5.778,8594180,96,0
"kron_g500-simple-logn19",128,1,20420194,0.03,9.151,1.976,4197916,96,0
"kron_g500-simple-logn19",30000,1,21352952,0.03,74.76,19.522,20544316,96,0
"kron_g500-simple-logn19",37,1,18666145,0.03,3.282,1.483,4193052,96,0
"kron_g500-simple-logn19",64,1,19907127,0.03,3.716,1.543,4328484,96,0
"kron_g500-simple-logn19",8,1,13571444,0.03,1.9,1.978,5183184,96,0
"kron_g500-simple-logn19",91,1,20262711,0.03,4.188,1.735,4216352,96,0
"kron_g500-simple-logn19",1000,2,20725544,0.03,45.349,5.676,8593952,96,0
"kron_g500-simple-logn19",128,2,20393189,0.03,7.706,2.11,4173944,96,0
"kron_g500-simple-logn19",30000,2,21351762,0.03,54.904,19.149,20561784,96,0
"kron_g500-simple-logn19",37,2,19113097,0.03,2.824,1.335,4250136,96,0
"kron_g500-simple-logn19",64,2,20091675,0.03,2.426,1.615,4296224,96,0
"kron_g500-simple-logn19",8,2,13614262,0.03,2.114,1.92,5211984,96,0
"kron_g500-simple-logn19",91,2,19717388,0.03,5.863,2.072,4170336,96,0
"kron_g500-simple-logn19",1000,3,20779812,0.03,37.591,5.59,8633888,96,0
"kron_g500-simple-logn19",128,3,20698878,0.03,3.005,1.893,4217884,96,0
"kron_g500-simple-logn19",30000,3,21354073,0.03,47.866,19.326,20558828,96,0
"kron_g500-simple-logn19",37,3,19133896,0.03,2.84,1.506,4222472,96,0
"kron_g500-simple-logn19",64,3,19889371,0.03,2.85,2.235,4312184,96,0
"kron_g500-simple-logn19",8,3,13711775,0.03,1.829,2.332,5144136,96,0
"kron_g500-simple-logn19",91,3,19599673,0.03,4.874,1.574,4165660,96,0
"kron_g500-simple-logn19",1000,4,20783002,0.03,56.495,6.5,8608320,96,0
"kron_g500-simple-logn19",128,4,19701272,0.03,11.99,2.86,4238572,96,0
"kron_g500-simple-logn19",30000,4,21350709,0.03,59.196,19.412,20560404,96,0
"kron_g500-simple-logn19",37,4,19032791,0.03,3.604,1.375,4193308,96,0
"kron_g500-simple-logn19",64,4,19911326,0.03,2.875,1.47,4242940,96,0
"kron_g500-simple-logn19",8,4,14166362,0.03,2.133,1.938,5191764,96,0
"kron_g500-simple-logn19",91,4,19435284,0.03,12.938,1.612,4224028,96,0
"kron_g500-simple-logn19",1000,5,20721757,0.03,48.658,5.583,8649248,96,0
"kron_g500-simple-logn19",128,5,20125819,0.03,8.123,2.509,4214860,96,0
"kron_g500-simple-logn19",30000,5,21352267,0.03,52.73,19.081,20554872,96,0
"kron_g500-simple-logn19",37,5,18918975,0.03,4.196,1.352,4208668,96,0
"kron_g500-simple-logn19",64,5,19949210,0.03,2.954,1.558,4219660,96,0
"kron_g500-simple-logn19",8,5,11699293,0.03,2.429,2.049,5208616,96,0
"kron_g500-simple-logn19",91,5,20050728,0.03,5.324,1.576,4216348,96,0
"kron_g500-simple-logn20",1000,1,42764347,0.03,37.739,10.186,17225004,96,0
"kron_g500-simple-logn20",128,1,40798126,0.03,14.712,5.175,10409692,96,0
"kron_g500-simple-logn20",30000,1,43832009,0.03,33.59,43.508,46207224,96,0
"kron_g500-simple-logn20",37,1,38163018,0.03,4.307,4.436,10873644,96,0
"kron_g500-simple-logn20",64,1,40831374,0.03,2.774,4.56,10822956,96,0
"kron_g500-simple-logn20",8,1,21650942,0.03,2.469,6.8,14288332,96,0
"kron_g500-simple-logn20",91,1,41306104,0.03,3.738,3.76,10420056,96,0
"kron_g500-simple-logn20",1000,2,42754401,0.03,30.219,10.216,17235756,96,0
"kron_g500-simple-logn20",128,2,41738478,0.03,6.238,4.731,10428240,96,0
"kron_g500-simple-logn20",30000,2,43844642,0.03,40.399,42.299,46214980,96,0
"kron_g500-simple-logn20",37,2,38847418,0.03,3.005,3.926,10809128,96,0
"kron_g500-simple-logn20",64,2,40939355,0.03,2.992,5.107,10687784,96,0
"kron_g500-simple-logn20",8,2,21279350,0.03,2.823,7.109,14237720,96,0
"kron_g500-simple-logn20",91,2,41224939,0.03,3.307,4.61,10824044,96,0
"kron_g500-simple-logn20",1000,3,43200124,0.03,23.946,12.055,17235760,96,0
"kron_g500-simple-logn20",128,3,42020106,0.03,3.068,4.006,10434204,96,0
"kron_g500-simple-logn20",30000,3,43844441,0.03,43.889,42.92,46198476,96,0
"kron_g500-simple-logn20",37,3,38138759,0.03,3.217,4.394,10910504,96,0
"kron_g500-simple-logn20",64,3,41077079,0.03,2.595,4.351,10830632,96,0
"kron_g500-simple-logn20",8,3,26176690,0.03,2.279,7.838,14068212,96,0
"kron_g500-simple-logn20",91,3,41318764,0.03,3.954,4.615,10890460,96,0
"kron_g500-simple-logn20",1000,4,42885450,0.03,28.485,11.54,17292588,96,0
"kron_g500-simple-logn20",128,4,39324561,0.03,11.848,5.345,10755372,96,0
"kron_g500-simple-logn20",30000,4,43829997,0.03,25.493,41.832,46202984,96,0
"kron_g500-simple-logn20",37,4,38374959,0.03,3.142,4.729,10981272,96,0
"kron_g500-simple-logn20",64,4,41055857,0.03,3.053,4.671,10778408,96,0
"kron_g500-simple-logn20",8,4,23191355,0.03,2.73,6.081,14203692,96,0
"kron_g500-simple-logn20",91,4,41374265,0.03,3.356,3.531,10445096,96,0
"kron_g500-simple-logn20",1000,5,42992038,0.03,31.077,9.952,17241900,96,0
"kron_g500-simple-logn20",128,5,42333332,0.03,2.809,4.692,10802984,96,0
"kron_g500-simple-logn20",30000,5,43828220,0.03,25.922,41.99,46207188,96,0
"kron_g500-simple-logn20",37,5,38312132,0.03,2.925,4.392,10895136,96,0
"kron_g500-simple-logn20",64,5,41106157,0.03,2.472,4.451,10988840,96,0
"kron_g500-simple-logn20",8,5,21603289,0.03,2.542,6.04,14074664,96,0
"kron_g500-simple-logn20",91,5,41300895,0.03,3.834,3.537,10366756,96,0
"kron_g500-simple-logn21",1000,1,87477012,0.03,51.814,21.195,34819280,96,0
"kron_g500-simple-logn21",128,1,85505579,0.03,2.521,16.447,34735092,96,0
"kron_g500-simple-logn21",30000,1,89409113,0.03,72.099,78.496,82482248,96,0
"kron_g500-simple-logn21",37,1,77249838,0.03,3.183,17.821,34083968,96,0
"kron_g500-simple-logn21",64,1,81460331,0.03,2.793,18.693,33121928,96,0
"kron_g500-simple-logn21",8,1,38830171,0.03,2.824,17.679,35418272,96,0
"kron_g500-simple-logn21",91,1,84133609,0.03,3.537,16.42,33785692,96,0
"kron_g500-simple-logn21",1000,2,88449408,0.03,11.529,23.129,34045752,96,0
"kron_g500-simple-logn21",128,2,86060709,0.03,2.371,16.005,34780052,96,0
"kron_g500-simple-logn21",30000,2,89379042,0.03,76.734,77.873,82453936,96,0
"kron_g500-simple-logn21",37,2,77911997,0.03,3.262,17.055,33498776,96,0
"kron_g500-simple-logn21",64,2,83549694,0.03,2.169,17.898,34457940,96,0
"kron_g500-simple-logn21",8,2,46717795,0.03,2.498,17.062,36734440,96,0
"kron_g500-simple-logn21",91,2,83963197,0.03,3.255,18.154,33070508,96,0
"kron_g500-simple-logn21",1000,3,87730677,0.03,28.653,20.538,34937572,96,0
"kron_g500-simple-logn21",128,3,85981382,0.03,2.689,17.306,33740136,96,0
"kron_g500-simple-logn21",30000,3,89425831,0.03,53.374,80.144,82369784,96,0
"kron_g500-simple-logn21",37,3,78157336,0.03,3.312,16.015,33928808,96,0
"kron_g500-simple-logn21",64,3,82099509,0.03,2.725,15.943,34619508,96,0
"kron_g500-simple-logn21",8,3,39003865,0.03,2.83,16.151,36626100,96,0
"kron_g500-simple-logn21",91,3,84035365,0.03,3.65,18.685,32800800,96,0
"kron_g500-simple-logn21",1000,4,87745685,0.03,38.499,21.637,35560156,96,0
"kron_g500-simple-logn21",128,4,86113618,0.03,2.202,18.719,32541648,96,0
"kron_g500-simple-logn21",30000,4,89468204,0.03,64.532,82.576,82441092,96,0
"kron_g500-simple-logn21",37,4,77587674,0.03,3.556,15.656,34617144,96,0
"kron_g500-simple-logn21",64,4,81837552,0.03,2.688,16.907,33592636,96,0
"kron_g500-simple-logn21",8,4,39785828,0.03,2.808,16.995,35906760,96,0
"kron_g500-simple-logn21",91,4,83930290,0.03,3.343,15.928,34112212,96,0
"kron_g500-simple-logn21",1000,5,87997163,0.03,26.606,22.371,34214944,96,0
"kron_g500-simple-logn21",128,5,86254153,0.03,2.429,17.55,34153800,96,0
"kron_g500-simple-logn21",30000,5,89482890,0.03,65.705,80.559,82524564,96,0
"kron_g500-simple-logn21",37,5,77607773,0.03,2.832,15.656,35071148,96,0
"kron_g500-simple-logn21",64,5,81444660,0.03,2.766,16.476,34073708,96,0
"kron_g500-simple-logn21",8,5,40165604,0.03,2.804,16.073,36674968,96,0
"kron_g500-simple-logn21",91,5,84146907,0.03,2.958,18.035,34147060,96,0
"ldoor",1000,1,2144165,0.03,0.062,0.606,1161388,96,0
"ldoor",128,1,687110,0.03,0.032,0.203,1016968,96,0
"ldoor",30000,1,11824723,0.03,3.789,11.673,5913356,96,0
"ldoor",37,1,317864,0.03,0.028,0.542,993320,96,0
"ldoor",64,1,446435,0.03,0.03,1.463,999652,96,0
"ldoor",8,1,91667,0.03,0.001,0.538,997124,96,0
"ldoor",91,1,556778,0.03,0.032,0.205,1004680,96,0
"ldoor",1000,2,2152941,0.03,0.056,0.346,1162892,96,0
"ldoor",128,2,677544,0.03,0.032,0.201,1005236,96,0
"ldoor",30000,2,11824710,0.03,3.789,11.692,6064356,96,0
"ldoor",37,2,313793,0.03,0.028,0.186,984468,96,0
"ldoor",64,2,443279,0.03,0.031,0.193,992392,96,0
"ldoor",8,2,89376,0.03,0.001,0.422,997920,96,0
"ldoor",91,2,557575,0.03,0.03,0.197,1010824,96,0
"ldoor",1000,3,2146885,0.03,0.065,0.666,1164428,96,0
"ldoor",128,3,683994,0.03,0.036,0.201,1004684,96,0
"ldoor",30000,3,11825094,0.03,3.82,11.322,5755376,96,0
"ldoor",37,3,318133,0.03,0.024,0.188,986248,96,0
"ldoor",64,3,453590,0.03,0.03,0.194,992392,96,0
"ldoor",8,3,90578,0.03,0.008,1.738,999564,96,0
"ldoor",91,3,564359,0.03,0.031,1.002,996448,96,0
"ldoor",1000,4,2145643,0.03,0.052,0.342,1161360,96,0
"ldoor",128,4,676291,0.03,0.036,0.203,1007752,96,0
"ldoor",30000,4,11825092,0.03,3.82,11.259,5820760,96,0
"ldoor",37,4,330315,0.03,0.025,1.682,985716,96,0
"ldoor",64,4,441522,0.03,0.03,0.194,997000,96,0
"ldoor",8,4,96089,0.03,0.002,0.556,1003144,96,0
"ldoor",91,4,561735,0.03,0.033,0.196,1003144,96,0
"ldoor",1000,5,2149739,0.03,0.051,0.693,1165952,96,0
"ldoor",128,5,685982,0.03,0.032,0.201,1003144,96,0
"ldoor",30000,5,11825071,0.03,3.82,11.767,5937972,96,0
"ldoor",37,5,315070,0.03,0.029,0.186,991048,96,0
"ldoor",64,5,452264,0.03,0.03,1.302,997144,96,0
"ldoor",8,5,92096,0.03,0.005,0.44,996284,96,0
"ldoor",91,5,564896,0.03,0.031,0.747,1004256,96,0
"Long_Coup_dt6",1000,1,8507430,0.03,0.05,0.834,2486244,96,0
"Long_Coup_dt6",128,1,4075500,0.03,0.041,0.421,2230776,96,0
"Long_Coup_dt6",30000,1,24652429,0.03,3.306,14.878,6769340,96,0
"Long_Coup_dt6",37,1,2464943,0.03,0.031,0.388,2077180,96,0
"Long_Coup_dt6",64,1,3116577,0.03,0.03,0.58,2164784,96,0
"Long_Coup_dt6",8,1,1146414,0.03,0.027,0.897,2074164,96,0
"Long_Coup_dt6",91,1,3575933,0.03,0.036,1.137,2183800,96,0
"Long_Coup_dt6",1000,2,8498827,0.03,0.048,0.699,2490360,96,0
"Long_Coup_dt6",128,2,4051416,0.03,0.031,0.792,2235540,96,0
"Long_Coup_dt6",30000,2,24657414,0.03,3.224,15.073,6745532,96,0
"Long_Coup_dt6",37,2,2486847,0.03,0.032,0.382,2071032,96,0
"Long_Coup_dt6",64,2,3132299,0.03,0.031,0.415,2158584,96,0
"Long_Coup_dt6",8,2,1128335,0.03,0.021,1.75,2069980,96,0
"Long_Coup_dt6",91,2,3592945,0.03,0.034,0.413,2184692,96,0
"Long_Coup_dt6",1000,3,8481225,0.03,0.058,0.651,2487292,96,0
"Long_Coup_dt6",128,3,4070598,0.03,0.032,0.423,2236920,96,0
"Long_Coup_dt6",30000,3,24644748,0.03,3.224,15.336,6578048,96,0
"Long_Coup_dt6",37,3,2479278,0.03,0.032,0.383,2075640,96,0
"Long_Coup_dt6",64,3,3144568,0.03,0.033,0.404,2170872,96,0
"Long_Coup_dt6",8,3,1151915,0.03,0.015,2.17,2082276,96,0
"Long_Coup_dt6",91,3,3577685,0.03,0.031,0.576,2174100,96,0
"Long_Coup_dt6",1000,4,8504100,0.03,0.052,1.93,2495260,96,0
"Long_Coup_dt6",128,4,4060719,0.03,0.031,0.422,2243064,96,0
"Long_Coup_dt6",30000,4,24657679,0.03,3.285,14.93,6732388,96,0
"Long_Coup_dt6",37,4,2453551,0.03,0.031,1.652,2082432,96,0
"Long_Coup_dt6",64,4,3122472,0.03,0.033,0.572,2163188,96,0
"Long_Coup_dt6",8,4,1148536,0.03,0.012,0.701,2069928,96,0
"Long_Coup_dt6",91,4,3584235,0.03,0.033,0.412,2186236,96,0
"Long_Coup_dt6",1000,5,8498857,0.03,0.053,0.875,2490936,96,0
"Long_Coup_dt6",128,5,4079245,0.03,0.034,0.42,2244596,96,0
"Long_Coup_dt6",30000,5,24651062,0.03,3.326,16.03,6735752,96,0
"Long_Coup_dt6",37,5,2472124,0.03,0.032,0.378,2071028,96,0
"Long_Coup_dt6",64,5,3128198,0.03,0.03,0.58,2167856,96,0
"Long_Coup_dt6",8,5,1148123,0.03,0.009,0.703,2078932,96,0
"Long_Coup_dt6",91,5,3581424,0.03,0.032,0.409,2182188,96,0
"mawi_201512020000",1000,1,23009300,0.03,1.328,9.817,11704024,96,0
"mawi_201512020000",128,1,21809891,0.03,1.238,8.566,11700160,96,0
"mawi_201512020000",30000,1,23887583,0.03,3.946,14.824,11703600,96,0
"mawi_201512020000",37,1,18698203,0.03,1.328,7.255,11695552,96,0
"mawi_201512020000",64,1,20942486,0.03,0.739,9.379,11703604,96,0
"mawi_201512020000",8,1,9741500,0.03,1.237,5.769,11697084,96,0
"mawi_201512020000",91,1,21145563,0.03,1.132,7.042,11698620,96,0
"mawi_201512020000",1000,2,23022367,0.03,0.865,10.167,11700160,96,0
"mawi_201512020000",128,2,21854181,0.03,1.361,7.085,11699984,96,0
"mawi_201512020000",30000,2,23887927,0.03,4.093,16.016,11700968,96,0
"mawi_201512020000",37,2,18997683,0.03,1.163,7.511,11701704,96,0
"mawi_201512020000",64,2,20961570,0.03,0.972,7.598,11698628,96,0
"mawi_201512020000",8,2,0,0.03,0,0,11705560,96,1
"mawi_201512020000",91,2,21325310,0.03,1.133,7.151,11700156,96,0
"mawi_201512020000",1000,3,23034098,0.03,1.304,9.443,11698616,96,0
"mawi_201512020000",128,3,21795205,0.03,1.35,7.248,11700160,96,0
"mawi_201512020000",30000,3,23884365,0.03,4.029,15.325,11700228,96,0
"mawi_201512020000",37,3,18468352,0.03,1.424,7.161,11698628,96,0
"mawi_201512020000",64,3,20470411,0.03,1.419,6.231,11698624,96,0
"mawi_201512020000",8,3,9935012,0.03,1.262,5.996,11698992,96,0
"mawi_201512020000",91,3,21204457,0.03,1.155,7.836,11705140,96,0
"mawi_201512020000",1000,4,23029741,0.03,1.764,10.218,11697856,96,0
"mawi_201512020000",128,4,21842941,0.03,0.955,7.707,11706548,96,0
"mawi_201512020000",30000,4,23876958,0.03,3.861,16.581,11706664,96,0
"mawi_201512020000",37,4,19183264,0.03,1.323,7.597,11702068,96,0
"mawi_201512020000",64,4,20472937,0.03,1.442,8.551,11703944,96,0
"mawi_201512020000",8,4,11393319,0.03,0.477,5.251,11698612,96,0
"mawi_201512020000",91,4,21389835,0.03,1.068,7.218,11697088,96,0
"mawi_201512020000",1000,5,23046999,0.03,1.258,11.44,11701696,96,0
"mawi_201512020000",128,5,21882412,0.03,1.147,7.772,11698624,96,0
"mawi_201512020000",30000,5,23884039,0.03,3.861,16.234,11696844,96,0
"mawi_201512020000",37,5,18969288,0.03,1.38,7.468,11699588,96,0
"mawi_201512020000",64,5,20694156,0.03,0.996,7.482,11700156,96,0
"mawi_201512020000",8,5,10928816,0.03,0.965,6.919,11700160,96,0
"mawi_201512020000",91,5,21258965,0.03,1.429,7.534,11700632,96,0
"ML_Geer",1000,1,5695314,0.03,0.036,1.178,2817904,96,0
"ML_Geer",128,1,1991556,0.03,0.029,0.688,2599784,96,0
"ML_Geer",30000,1,28775744,0.03,3.388,17.449,8097744,96,0
"ML_Geer",37,1,994021,0.03,0.03,0.598,2501312,96,0
"ML_Geer",64,1,1353159,0.03,0.03,0.669,2537020,96,0
"ML_Geer",8,1,350807,0.03,0.006,0.688,2513988,96,0
"ML_Geer",91,1,1650005,0.03,0.03,0.715,2564716,96,0
"ML_Geer",1000,2,5689821,0.03,0.039,0.838,2818156,96,0
"ML_Geer",128,2,1969652,0.03,0.028,1.09,2600004,96,0
"ML_Geer",30000,2,28769746,0.03,3.368,17.234,8433708,96,0
"ML_Geer",37,2,979903,0.03,0.031,0.7,2497292,96,0
"ML_Geer",64,2,1354273,0.03,0.03,0.899,2532408,96,0
"ML_Geer",8,2,346246,0.03,0.002,0.545,2516616,96,0
"ML_Geer",91,2,1640697,0.03,0.03,0.666,2569056,96,0
"ML_Geer",1000,3,5676488,0.03,0.041,0.971,2828488,96,0
"ML_Geer",128,3,1996256,0.03,0.031,1.374,2593656,96,0
"ML_Geer",30000,3,28782366,0.03,3.388,17.75,8221324,96,0
"ML_Geer",37,3,973751,0.03,0.019,1.311,2503216,96,0
"ML_Geer",64,3,1347239,0.03,0.029,0.595,2533748,96,0
"ML_Geer",8,3,338407,0.03,0.005,0.693,2515576,96,0
"ML_Geer",91,3,1634998,0.03,0.03,1.504,2566240,96,0
"ML_Geer",1000,4,5672036,0.03,0.037,0.894,2810444,96,0
"ML_Geer",128,4,1987514,0.03,0.03,1.095,2589296,96,0
"ML_Geer",30000,4,28782030,0.03,3.408,17.365,8420592,96,0
"ML_Geer",37,4,983346,0.03,0.029,0.696,2503228,96,0
"ML_Geer",64,4,1341333,0.03,0.031,1.617,2536788,96,0
"ML_Geer",8,4,355990,0.03,0.001,0.739,2519880,96,0
"ML_Geer",91,4,1653021,0.03,0.031,0.714,2570636,96,0
"ML_Geer",1000,5,5698598,0.03,0.037,1.144,2827384,96,0
"ML_Geer",128,5,1980676,0.03,0.034,1.278,2596972,96,0
"ML_Geer",30000,5,28779673,0.03,3.408,17.452,8441360,96,0
"ML_Geer",37,5,981646,0.03,0.026,0.698,2501836,96,0
"ML_Geer",64,5,1347393,0.03,0.03,0.638,2526048,96,0
"ML_Geer",8,5,351179,0.03,0.005,0.741,2513560,96,0
"ML_Geer",91,5,1646063,0.03,0.03,1.27,2553964,96,0
"mycielskian19",1000,1,440793027,0.03,1.925,49.443,48937744,96,0
"mycielskian19",128,1,420351309,0.03,0.579,38.829,37886004,96,0
"mycielskian19",30000,1,449086897,0.03,68.199,235.999,180852360,96,0
"mycielskian19",37,1,397352266,0.03,0.239,32.415,37588008,96,0
"mycielskian19",64,1,408465046,0.03,0.402,27.75,37747156,96,0
"mycielskian19",8,1,348165303,0.03,1.259,15.698,37183464,96,0
"mycielskian19",91,1,414499940,0.03,0.495,30.228,37850576,96,0
"mycielskian19",1000,2,440633014,0.03,3.924,48.636,50080204,96,0
"mycielskian19",128,2,419737930,0.03,0.611,37.27,38037924,96,0
"mycielskian19",30000,2,449544542,0.03,66.825,238.395,182763236,96,0
"mycielskian19",37,2,396654724,0.03,0.527,33.338,38275212,96,0
"mycielskian19",64,2,407817950,0.03,0.379,29.22,37936052,96,0
"mycielskian19",8,2,333826809,0.03,1.86,19.828,37335136,96,0
"mycielskian19",91,2,415260741,0.03,0.745,36.327,37853876,96,0
"mycielskian19",1000,3,440792896,0.03,4.526,49.809,50282980,96,0
"mycielskian19",128,3,420334237,0.03,0.759,27.998,37999048,96,0
"mycielskian19",30000,3,449462801,0.03,69.496,235.217,181629432,96,0
"mycielskian19",37,3,400222724,0.03,0.298,24.091,37370124,96,0
"mycielskian19",64,3,407936421,0.03,0.492,32.795,37779908,96,0
"mycielskian19",8,3,347687186,0.03,1.443,12.581,37474780,96,0
"mycielskian19",91,3,415836633,0.03,0.399,27.582,38001756,96,0
"mycielskian19",1000,4,440709295,0.03,3.209,48.102,49440720,96,0
"mycielskian19",128,4,420157677,0.03,0.633,38.469,38175616,96,0
"mycielskian19",30000,4,449579308,0.03,66.673,232.749,182117600,96,0
"mycielskian19",37,4,396744007,0.03,0.556,30.386,38112132,96,0
"mycielskian19",64,4,408536409,0.03,0.422,34.337,37750268,96,0
"mycielskian19",8,4,344477107,0.03,1.679,11.169,37243556,96,0
"mycielskian19",91,4,415583525,0.03,0.341,32.896,37661640,96,0
"mycielskian19",1000,5,440661039,0.03,3.089,51.869,50490316,96,0
"mycielskian19",128,5,420160951,0.03,0.81,34.903,37670936,96,0
"mycielskian19",30000,5,449490561,0.03,63.24,236.844,182932212,96,0
"mycielskian19",37,5,396584108,0.03,0.328,35.105,37748176,96,0
"mycielskian19",64,5,408044109,0.03,0.465,34.738,37568140,96,0
"mycielskian19",8,5,348442019,0.03,1.417,11.064,37164352,96,0
"mycielskian19",91,5,415943581,0.03,0.92,33.886,37953748,96,0
"nlpkkt200",1000,1,19547121,0.03,0.041,4.144,14796692,96,0
"nlpkkt200",128,1,9249306,0.03,0.03,3.515,14170296,96,0
"nlpkkt200",30000,1,59737844,0.03,2.443,20.494,17403224,96,0
"nlpkkt200",37,1,5572479,0.03,0.026,3.21,13979560,96,0
"nlpkkt200",64,1,6962509,0.03,0.03,3.733,14174732,96,0
"nlpkkt200",8,1,2416832,0.03,0.007,3.97,14224328,96,0
"nlpkkt200",91,1,8116138,0.03,0.031,3.472,14186736,96,0
"nlpkkt200",1000,2,19511551,0.03,0.041,5.006,14770220,96,0
"nlpkkt200",128,2,9304645,0.03,0.031,3.532,14254804,96,0
"nlpkkt200",30000,2,59704143,0.03,2.7,19.677,17337744,96,0
"nlpkkt200",37,2,5595267,0.03,0.025,3.383,13989520,96,0
"nlpkkt200",64,2,6934313,0.03,0.031,3.408,14157312,96,0
"nlpkkt200",8,2,2404769,0.03,0.01,3.751,14220492,96,0
"nlpkkt200",91,2,8169507,0.03,0.03,5.272,14142256,96,0
"nlpkkt200",1000,3,19527293,0.03,0.037,5.171,14764600,96,0
"nlpkkt200",128,3,9264228,0.03,0.03,3.425,14116716,96,0
"nlpkkt200",30000,3,59720921,0.03,2.377,19.163,17526932,96,0
"nlpkkt200",37,3,5545320,0.03,0.02,4.583,14086756,96,0
"nlpkkt200",64,3,6981208,0.03,0.03,3.61,14177356,96,0
"nlpkkt200",8,3,2425519,0.03,0.005,3.971,14323160,96,0
"nlpkkt200",91,3,8087635,0.03,0.03,4.707,14127452,96,0
"nlpkkt200",1000,4,19530183,0.03,0.039,4.53,14791532,96,0
"nlpkkt200",128,4,9302557,0.03,0.031,3.49,14099004,96,0
"nlpkkt200",30000,4,59691688,0.03,2.49,19.262,17543880,96,0
"nlpkkt200",37,4,5523761,0.03,0.021,3.262,14004876,96,0
"nlpkkt200",64,4,6987090,0.03,0.028,4.458,14095820,96,0
"nlpkkt200",8,4,2372497,0.03,0.006,3.768,14157972,96,0
"nlpkkt200",91,4,8092697,0.03,0.03,3.42,14156440,96,0
"nlpkkt200",1000,5,19549327,0.03,0.037,4.089,14787204,96,0
"nlpkkt200",128,5,9248381,0.03,0.031,3.378,14130212,96,0
"nlpkkt200",30000,5,59705200,0.03,2.264,19.692,17308016,96,0
"nlpkkt200",37,5,5550616,0.03,0.023,3.479,13968532,96,0
"nlpkkt200",64,5,6986066,0.03,0.03,4.254,14078488,96,0
"nlpkkt200",8,5,2424969,0.03,0.005,3.727,14220856,96,0
"nlpkkt200",91,5,8148734,0.03,0.03,3.671,14200676,96,0
"nlpkkt240",1000,1,28430420,0.03,0.039,6.951,25415456,96,0
"nlpkkt240",128,1,13400828,0.03,0.03,6.544,24590248,96,0
"nlpkkt240",30000,1,87407519,0.03,2.495,21.21,28679692,96,0
"nlpkkt240",37,1,8049988,0.03,0.018,6.491,24423268,96,0
"nlpkkt240",64,1,10059688,0.03,0.021,5.589,24334128,96,0
"nlpkkt240",8,1,3452127,0.03,0.005,6.625,24485644,96,0
"nlpkkt240",91,1,11801953,0.03,0.031,6.291,24465312,96,0
"nlpkkt240",1000,2,28412345,0.03,0.039,7.839,25369720,96,0
"nlpkkt240",128,2,13383158,0.03,0.03,6.322,24685812,96,0
"nlpkkt240",30000,2,87376157,0.03,2.694,20.612,28488128,96,0
"nlpkkt240",37,2,8006260,0.03,0.03,5.279,24161836,96,0
"nlpkkt240",64,2,10109316,0.03,0.03,6.008,24377912,96,0
"nlpkkt240",8,2,3438072,0.03,0.004,5.827,24460440,96,0
"nlpkkt240",91,2,11824067,0.03,0.031,7.545,24663784,96,0
"nlpkkt240",1000,3,28407371,0.03,0.034,7.347,25375104,96,0
"nlpkkt240",128,3,13519688,0.03,0.031,5.979,24701304,96,0
"nlpkkt240",30000,3,87372277,0.03,2.348,21.338,28255424,96,0
"nlpkkt240",37,3,8075912,0.03,0.019,6.216,24202596,96,0
"nlpkkt240",64,3,10169460,0.03,0.029,5.482,24582468,96,0
"nlpkkt240",8,3,3418199,0.03,0.004,6.266,24454732,96,0
"nlpkkt240",91,3,11816862,0.03,0.03,6.211,24642736,96,0
"nlpkkt240",1000,4,28405403,0.03,0.037,7.074,25374312,96,0
"nlpkkt240",128,4,13545102,0.03,0.031,5.888,24627212,96,0
"nlpkkt240",30000,4,87324903,0.03,2.441,20.765,28679728,96,0
"nlpkkt240",37,4,8032650,0.03,0.022,5.741,24223556,96,0
"nlpkkt240",64,4,10155557,0.03,0.03,6.595,24269716,96,0
"nlpkkt240",8,4,3482742,0.03,0.005,6.325,24477232,96,0
"nlpkkt240",91,4,11680282,0.03,0.03,6.825,24456088,96,0
"nlpkkt240",1000,5,28357768,0.03,0.038,7.01,25365616,96,0
"nlpkkt240",128,5,13407256,0.03,0.03,6.937,24759772,96,0
"nlpkkt240",30000,5,87341998,0.03,2.462,21.432,28507732,96,0
"nlpkkt240",37,5,8023766,0.03,0.017,6.105,24253136,96,0
"nlpkkt240",64,5,10160187,0.03,0.028,7.331,24367512,96,0
"nlpkkt240",8,5,3478873,0.03,0.005,6.209,24515560,96,0
"nlpkkt240",91,5,11872471,0.03,0.03,6.351,24582592,96,0
"nv2",1000,1,3641965,0.03,0.043,0.956,1583568,96,0
"nv2",128,1,1289154,0.03,0.032,1.865,1386520,96,0
"nv2",30000,1,13329297,0.03,3.436,14.406,4281708,96,0
"nv2",37,1,639156,0.03,0.03,0.48,1357652,96,0
"nv2",64,1,875408,0.03,0.031,0.63,1368548,96,0
"nv2",8,1,234085,0.03,0.004,0.743,1362320,96,0
"nv2",91,1,1067237,0.03,0.03,0.556,1380676,96,0
"nv2",1000,2,3647858,0.03,0.046,1.042,1588068,96,0
"nv2",128,2,1289108,0.03,0.031,0.528,1397568,96,0
"nv2",30000,2,13330988,0.03,3.498,14.211,4225824,96,0
"nv2",37,2,642875,0.03,0.029,0.392,1353024,96,0
"nv2",64,2,880191,0.03,0.031,0.639,1376144,96,0
"nv2",8,2,243610,0.03,0.007,0.619,1354600,96,0
"nv2",91,2,1086794,0.03,0.031,0.631,1376144,96,0
"nv2",1000,3,3651395,0.03,0.061,1.082,1588192,96,0
"nv2",128,3,1292244,0.03,0.03,0.455,1389888,96,0
"nv2",30000,3,13330996,0.03,3.663,14.475,4215096,96,0
"nv2",37,3,634462,0.03,0.029,0.663,1348708,96,0
"nv2",64,3,889561,0.03,0.029,0.914,1376628,96,0
"nv2",8,3,234836,0.03,0.016,0.909,1360996,96,0
"nv2",91,3,1073817,0.03,0.031,0.79,1384092,96,0
"nv2",1000,4,3650905,0.03,0.061,0.921,1592700,96,0
"nv2",128,4,1289669,0.03,0.032,0.461,1386820,96,0
"nv2",30000,4,13337791,0.03,3.539,14.622,4238112,96,0
"nv2",37,4,643447,0.03,0.03,0.621,1365368,96,0
"nv2",64,4,885120,0.03,0.03,0.442,1379132,96,0
"nv2",8,4,222131,0.03,0.008,1.019,1360808,96,0
"nv2",91,4,1067179,0.03,0.03,0.729,1380692,96,0
"nv2",1000,5,3644467,0.03,0.05,1.018,1589596,96,0
"nv2",128,5,1275107,0.03,0.03,0.452,1389884,96,0
"nv2",30000,5,13335239,0.03,3.498,14.869,4466332,96,0
"nv2",37,5,624962,0.03,0.028,0.402,1353024,96,0
"nv2",64,5,880521,0.03,0.03,0.594,1376120,96,0
"nv2",8,5,198900,0.03,0.005,1.086,1354704,96,0
"nv2",91,5,1076191,0.03,0.031,0.789,1382268,96,0
"Queen_4147",1000,1,26097429,0.03,0.039,2.706,9506192,96,0
"Queen_4147",128,1,12357497,0.03,0.033,1.699,8567196,96,0
"Queen_4147",30000,1,77540955,0.03,3.044,23.568,15204168,96,0
"Queen_4147",37,1,7381946,0.03,0.03,1.46,8084592,96,0
"Queen_4147",64,1,9360116,0.03,0.034,2.048,8303612,96,0
"Queen_4147",8,1,3227211,0.03,0.013,2.026,8073468,96,0
"Queen_4147",91,1,10823120,0.03,0.031,1.878,8496528,96,0
"Queen_4147",1000,2,26096867,0.03,0.038,1.968,9479288,96,0
"Queen_4147",128,2,12293131,0.03,0.036,2.093,8565592,96,0
"Queen_4147",30000,2,77502765,0.03,3.08,23.2,15190036,96,0
"Queen_4147",37,2,7352904,0.03,0.03,2.214,8087416,96,0
"Queen_4147",64,2,9348096,0.03,0.032,1.898,8299244,96,0
"Queen_4147",8,2,3245913,0.03,0.021,1.434,8075760,96,0
"Queen_4147",91,2,10830423,0.03,0.033,2.303,8486052,96,0
"Queen_4147",1000,3,26074875,0.03,0.048,1.78,9463924,96,0
"Queen_4147",128,3,12362511,0.03,0.033,1.966,8565716,96,0
"Queen_4147",30000,3,77474111,0.03,3.138,22.949,14664992,96,0
"Queen_4147",37,3,7267922,0.03,0.037,2.333,8084024,96,0
"Queen_4147",64,3,9411351,0.03,0.031,1.31,8308856,96,0
"Queen_4147",8,3,3218336,0.03,0.013,1.726,8069340,96,0
"Queen_4147",91,3,10795475,0.03,0.03,1.347,8465528,96,0
"Queen_4147",1000,4,26045682,0.03,0.039,2.936,9511540,96,0
"Queen_4147",128,4,12370912,0.03,0.035,1.348,8573044,96,0
"Queen_4147",30000,4,77508940,0.03,3.051,22.95,14860188,96,0
"Queen_4147",37,4,7311765,0.03,0.03,1.478,8081524,96,0
"Queen_4147",64,4,9411105,0.03,0.032,2.236,8314992,96,0
"Queen_4147",8,4,3198522,0.03,0.005,1.504,8083224,96,0
"Queen_4147",91,4,10750593,0.03,0.033,2.361,8485860,96,0
"Queen_4147",1000,5,25997023,0.03,0.04,2.597,9496544,96,0
"Queen_4147",128,5,12359848,0.03,0.033,2.113,8580288,96,0
"Queen_4147",30000,5,77484216,0.03,3.102,23.634,15055800,96,0
"Queen_4147",37,5,7385701,0.03,0.032,1.661,8090524,96,0
"Queen_4147",64,5,9369664,0.03,0.032,1.292,8298100,96,0
"Queen_4147",8,5,3205308,0.03,0.019,1.49,8082920,96,0
"Queen_4147",91,5,10743391,0.03,0.031,2.85,8494064,96,0
"recomp_dna1GB_9",1000,1,41793691,0.03,2.872,100.681,22398892,96,0
"recomp_dna1GB_9",128,1,20786903,0.03,2.751,101.032,22436064,96,0
"recomp_dna1GB_9",30000,1,53171851,0.03,51.63,140.651,22517220,96,0
"recomp_dna1GB_9",37,1,15625484,0.03,2.795,92.022,22407968,96,0
"recomp_dna1GB_9",64,1,21920783,0.03,2.807,97.166,22405548,96,0
"recomp_dna1GB_9",8,1,11624253,0.03,0.979,104.34,22467204,96,0
"recomp_dna1GB_9",91,1,20850574,0.03,2.754,40.93,22435964,96,0
"recomp_dna1GB_9",1000,2,42508507,0.03,3.139,124.483,22438596,96,0
"recomp_dna1GB_9",128,2,30556288,0.03,2.76,122.744,22427772,96,0
"recomp_dna1GB_9",30000,2,53367013,0.03,27.208,131.097,22489768,96,0
"recomp_dna1GB_9",37,2,15034354,0.03,2.786,91.624,22414308,96,0
"recomp_dna1GB_9",64,2,19511390,0.03,2.765,94.437,22456088,96,0
"recomp_dna1GB_9",8,2,6974928,0.03,2.842,84.644,22387728,96,0
"recomp_dna1GB_9",91,2,26281730,0.03,2.782,114.926,22411824,96,0
"recomp_dna1GB_9",1000,3,42425878,0.03,2.804,42.494,22442944,96,0
"recomp_dna1GB_9",128,3,31236596,0.03,2.702,98.735,22431604,96,0
"recomp_dna1GB_9",30000,3,53391755,0.03,41.126,106.093,22489900,96,0
"recomp_dna1GB_9",37,3,15085694,0.03,2.786,107.753,22441932,96,0
"recomp_dna1GB_9",64,3,28092471,0.03,2.771,95.483,22417900,96,0
"recomp_dna1GB_9",8,3,6459173,0.03,2.824,83.939,22428620,96,0
"recomp_dna1GB_9",91,3,19718901,0.03,2.722,115.395,22404640,96,0
"recomp_dna1GB_9",1000,4,40654056,0.03,2.819,99.695,22451824,96,0
"recomp_dna1GB_9",128,4,30875400,0.03,2.707,40.487,22407836,96,0
"recomp_dna1GB_9",30000,4,53343806,0.03,40.82,129.89,22484108,96,0
"recomp_dna1GB_9",37,4,15698206,0.03,2.803,95.751,22440800,96,0
"recomp_dna1GB_9",64,4,17574253,0.03,2.782,37.61,22437836,96,0
"recomp_dna1GB_9",8,4,4291243,0.03,2.848,92.872,22450540,96,0
"recomp_dna1GB_9",91,4,18411764,0.03,2.754,111.529,22413700,96,0
"recomp_dna1GB_9",1000,5,41606070,0.03,2.812,99.09,22430512,96,0
"recomp_dna1GB_9",128,5,31403470,0.03,2.721,121.883,22425548,96,0
"recomp_dna1GB_9",30000,5,53579267,0.03,32.154,104.853,22549968,96,0
"recomp_dna1GB_9",37,5,13932038,0.03,2.79,109.006,22440968,96,0
"recomp_dna1GB_9",64,5,21812209,0.03,2.827,120.879,22405132,96,0
"recomp_dna1GB_9",8,5,11368892,0.03,0.978,104.324,22403220,96,0
"recomp_dna1GB_9",91,5,30298486,0.03,2.791,107.611,22423812,96,0
"recomp_english1GB_7",1000,1,222538093,0.03,2.924,7.563,9957364,96,0
"recomp_english1GB_7",128,1,145036800,0.03,2.726,7.06,9943544,96,0
"recomp_english1GB_7",30000,1,271810435,0.03,49.38,12.634,11676628,96,0
"recomp_english1GB_7",37,1,30682064,0.03,2.743,6.68,9901876,96,0
"recomp_english1GB_7",64,1,63107102,0.03,2.696,7.441,9935608,96,0
"recomp_english1GB_7",8,1,19158358,0.03,0.985,6.096,9962808,96,0
"recomp_english1GB_7",91,1,60725352,0.03,2.634,7.026,9948016,96,0
"recomp_english1GB_7",1000,2,221153795,0.03,3.095,7.212,9963888,96,0
"recomp_english1GB_7",128,2,108837140,0.03,7.5,6.663,9959744,96,0
"recomp_english1GB_7",30000,2,271742867,0.03,46.535,12.913,11670872,96,0
"recomp_english1GB_7",37,2,54703774,0.03,2.718,7.517,9954488,96,0
"recomp_english1GB_7",64,2,85444185,0.03,2.651,6.622,9936540,96,0
"recomp_english1GB_7",8,2,26809091,0.03,2.656,6.529,9943232,96,0
"recomp_english1GB_7",91,2,104396996,0.03,2.61,7.487,9918624,96,0
"recomp_english1GB_7",1000,3,224787360,0.03,4.492,7.962,9973368,96,0
"recomp_english1GB_7",128,3,96910324,0.03,2.65,7.324,9972032,96,0
"recomp_english1GB_7",30000,3,271773445,0.03,45.075,12.837,11679708,96,0
"recomp_english1GB_7",37,3,38678063,0.03,2.758,7.361,9962352,96,0
"recomp_english1GB_7",64,3,68659329,0.03,3.942,6.549,9950764,96,0
"recomp_english1GB_7",8,3,26690837,0.03,2.636,6.387,9951748,96,0
"recomp_english1GB_7",91,3,65581735,0.03,2.621,6.682,9948428,96,0
"recomp_english1GB_7",1000,4,222067912,0.03,5.588,7.876,9936732,96,0
"recomp_english1GB_7",128,4,122149606,0.03,2.64,7.468,9947272,96,0
"recomp_english1GB_7",30000,4,271840185,0.03,46.086,12.442,11671280,96,0
"recomp_english1GB_7",37,4,30570629,0.03,2.748,7.158,9951376,96,0
"recomp_english1GB_7",64,4,89763194,0.03,2.7,7.281,9943972,96,0
"recomp_english1GB_7",8,4,4230739,0.03,2.677,5.642,9956784,96,0
"recomp_english1GB_7",91,4,101052948,0.03,2.596,6.948,9963988,96,0
"recomp_english1GB_7",1000,5,217791597,0.03,3.244,7.161,9951528,96,0
"recomp_english1GB_7",128,5,113646022,0.03,2.577,6.857,9678396,96,0
"recomp_english1GB_7",30000,5,271765464,0.03,47.583,12.794,11679680,96,0
"recomp_english1GB_7",37,5,64831604,0.03,2.771,6.54,9949464,96,0
"recomp_english1GB_7",64,5,73687656,0.03,8.547,6.759,9963660,96,0
"recomp_english1GB_7",8,5,19148464,0.03,0.985,5.275,9972676,96,0
"recomp_english1GB_7",91,5,65228905,0.03,2.622,7.116,9952712,96,0
"recomp_proteins1GB_7",1000,1,218806736,0.03,2.784,38.976,35999056,96,0
"recomp_proteins1GB_7",128,1,100851141,0.03,2.79,38.54,35597800,96,0
"recomp_proteins1GB_7",30000,1,323763064,0.03,29.512,61.539,36014384,96,0
"recomp_proteins1GB_7",37,1,47574436,0.03,2.828,108.14,35962216,96,0
"recomp_proteins1GB_7",64,1,85405498,0.03,2.827,36.1,35597672,96,0
"recomp_proteins1GB_7",8,1,7913658,0.03,2.875,20.547,35537588,96,0
"recomp_proteins1GB_7",91,1,77151836,0.03,2.813,32.715,35985276,96,0
"recomp_proteins1GB_7",1000,2,221219973,0.03,2.824,39.331,35923036,96,0
"recomp_proteins1GB_7",128,2,88552648,0.03,2.804,34.495,35534856,96,0
"recomp_proteins1GB_7",30000,2,323096852,0.03,31.604,64.94,36033916,96,0
"recomp_proteins1GB_7",37,2,52036758,0.03,2.834,107.626,35969896,96,0
"recomp_proteins1GB_7",64,2,69883205,0.03,4.673,35.081,36011240,96,0
"recomp_proteins1GB_7",8,2,6236429,0.03,2.876,20.635,36043972,96,0
"recomp_proteins1GB_7",91,2,81371802,0.03,2.79,51.87,35975888,96,0
"recomp_proteins1GB_7",1000,3,220239155,0.03,2.693,37.796,35997316,96,0
"recomp_proteins1GB_7",128,3,119751446,0.03,2.826,48.121,35536128,96,0
"recomp_proteins1GB_7",30000,3,323338116,0.03,50.555,69.271,36022724,96,0
"recomp_proteins1GB_7",37,3,68488476,0.03,2.854,105.778,35515156,96,0
"recomp_proteins1GB_7",64,3,89218207,0.03,2.807,47.79,35599404,96,0
"recomp_proteins1GB_7",8,3,6814680,0.03,2.875,21.012,35535636,96,0
"recomp_proteins1GB_7",91,3,82823596,0.03,2.805,54.202,35990128,96,0
"recomp_proteins1GB_7",1000,4,230821051,0.03,2.818,49.998,35981412,96,0
"recomp_proteins1GB_7",128,4,78615153,0.03,2.804,36.145,36004992,96,0
"recomp_proteins1GB_7",30000,4,325222868,0.03,13.534,62.983,36012132,96,0
"recomp_proteins1GB_7",37,4,50472533,0.03,2.839,107.306,35965820,96,0
"recomp_proteins1GB_7",64,4,74855393,0.03,2.837,35.82,35516100,96,0
"recomp_proteins1GB_7",8,4,6568211,0.03,2.876,33.652,35967252,96,0
"recomp_proteins1GB_7",91,4,72058173,0.03,2.831,33.346,35966108,96,0
"recomp_proteins1GB_7",1000,5,231306136,0.03,2.751,38.561,35997592,96,0
"recomp_proteins1GB_7",128,5,105142697,0.03,2.809,35.111,35505024,96,0
"recomp_proteins1GB_7",30000,5,324022158,0.03,30.977,63.83,36027568,96,0
"recomp_proteins1GB_7",37,5,41565000,0.03,2.827,107.854,36016288,96,0
"recomp_proteins1GB_7",64,5,87370209,0.03,2.849,34.42,35991164,96,0
"recomp_proteins1GB_7",8,5,8263864,0.03,2.875,19.886,36022640,96,0
"recomp_proteins1GB_7",91,5,83653343,0.03,2.82,35.321,36012344,96,0
"recomp_proteins1GB_9",1000,1,183778841,0.03,2.549,542.768,68144448,96,0
"recomp_proteins1GB_9",128,1,151554620,0.03,2.677,468.142,68269468,96,0
"recomp_proteins1GB_9",30000,1,214651572,0.03,3.769,537.589,68197400,96,0
"recomp_proteins1GB_9",37,1,76393722,0.03,2.759,500.768,68315180,96,0
"recomp_proteins1GB_9",64,1,143425026,0.03,2.753,494.477,68151612,96,0
"recomp_proteins1GB_9",8,1,38890580,0.03,2.815,504.456,68416860,96,0
"recomp_proteins1GB_9",91,1,136883571,0.03,2.667,481.886,68266908,96,0
"recomp_proteins1GB_9",1000,2,191103233,0.03,2.79,520.396,68295392,96,0
"recomp_proteins1GB_9",128,2,150379967,0.03,2.614,618.073,68139868,96,0
"recomp_proteins1GB_9",30000,2,214970042,0.03,15.829,491.752,68220428,96,0
"recomp_proteins1GB_9",37,2,112922465,0.03,2.746,485.01,68357472,96,0
"recomp_proteins1GB_9",64,2,150317032,0.03,2.585,509.403,68260120,96,0
"recomp_proteins1GB_9",8,2,35015654,0.03,2.819,278.409,68312172,96,0
"recomp_proteins1GB_9",91,2,136034575,0.03,2.641,531.52,68342324,96,0
"recomp_proteins1GB_9",1000,3,183596340,0.03,2.68,457.838,67909992,96,0
"recomp_proteins1GB_9",128,3,165548529,0.03,2.578,468.036,68253488,96,0
"recomp_proteins1GB_9",30000,3,213315988,0.03,3.959,555.15,68231240,96,0
"recomp_proteins1GB_9",37,3,110752743,0.03,2.762,433.676,68421212,96,0
"recomp_proteins1GB_9",64,3,89973517,0.03,2.698,509.043,68319812,96,0
"recomp_proteins1GB_9",8,3,59327852,0.03,0.96,448.54,68301636,96,0
"recomp_proteins1GB_9",91,3,130770943,0.03,2.718,575.877,68403144,96,0
"recomp_proteins1GB_9",1000,4,178633776,0.03,2.606,525.092,68199036,96,0
"recomp_proteins1GB_9",128,4,166124843,0.03,2.697,514.864,68300952,96,0
"recomp_proteins1GB_9",30000,4,212866276,0.03,4.392,554.657,68294116,96,0
"recomp_proteins1GB_9",37,4,88670057,0.03,2.789,493.248,68389768,96,0
"recomp_proteins1GB_9",64,4,133175097,0.03,2.799,449.183,68395656,96,0
"recomp_proteins1GB_9",8,4,103774953,0.03,2.647,279.49,68282496,96,0
"recomp_proteins1GB_9",91,4,141759101,0.03,2.768,468.759,68411084,96,0
"recomp_proteins1GB_9",1000,5,183191510,0.03,2.543,529.136,68344796,96,0
"recomp_proteins1GB_9",128,5,115316774,0.03,2.707,469.639,68309152,96,0
"recomp_proteins1GB_9",30000,5,213296359,0.03,5.903,546.34,68088136,96,0
"recomp_proteins1GB_9",37,5,73435611,0.03,2.765,489.305,67982544,96,0
"recomp_proteins1GB_9",64,5,158674969,0.03,2.719,433.195,68323028,96,0
"recomp_proteins1GB_9",8,5,88961151,0.03,2.494,308.256,67775724,96,0
"recomp_proteins1GB_9",91,5,149210495,0.03,2.694,472.158,68284768,96,0
"recomp_sources1GB_7",1000,1,42008370,0.03,2.603,5.151,5756404,96,0
"recomp_sources1GB_7",128,1,33334877,0.03,2.366,5.042,5637608,96,0
"recomp_sources1GB_7",30000,1,47362304,0.03,21.199,8.905,6920784,96,0
"recomp_sources1GB_7",37,1,17411352,0.03,2.56,4.651,5594172,96,0
"recomp_sources1GB_7",64,1,26222876,0.03,2.626,4.743,5374012,96,0
"recomp_sources1GB_7",8,1,10784076,0.03,2.432,3.097,5290992,96,0
"recomp_sources1GB_7",91,1,29410097,0.03,2.416,3.631,5390832,96,0
"recomp_sources1GB_7",1000,2,42383060,0.03,2.706,4.811,5885884,96,0
"recomp_sources1GB_7",128,2,30282989,0.03,2.5,5.228,5771856,96,0
"recomp_sources1GB_7",30000,2,47416841,0.03,27.875,9.47,6981836,96,0
"recomp_sources1GB_7",37,2,19172612,0.03,2.654,4.239,5894636,96,0
"recomp_sources1GB_7",64,2,24998557,0.03,2.546,5.259,5597736,96,0
"recomp_sources1GB_7",8,2,6844959,0.03,2.553,3.935,5734476,96,0
"recomp_sources1GB_7",91,2,27884107,0.03,2.459,4.667,5628568,96,0
"recomp_sources1GB_7",1000,3,42199856,0.03,2.711,5.207,5779532,96,0
"recomp_sources1GB_7",128,3,32891078,0.03,2.292,4.77,5759108,96,0
"recomp_sources1GB_7",30000,3,47481915,0.03,28.943,8.911,6905300,96,0
"recomp_sources1GB_7",37,3,17531114,0.03,2.658,4.003,5850060,96,0
"recomp_sources1GB_7",64,3,26161161,0.03,2.548,4.318,5894612,96,0
"recomp_sources1GB_7",8,3,12971616,0.03,1.645,3.247,5876308,96,0
"recomp_sources1GB_7",91,3,27593342,0.03,2.434,4.232,5779388,96,0
"recomp_sources1GB_7",1000,4,41688455,0.03,2.546,4.485,5728080,96,0
"recomp_sources1GB_7",128,4,32777356,0.03,2.402,4.702,5740360,96,0
"recomp_sources1GB_7",30000,4,47429353,0.03,25.905,9.226,6823144,96,0
"recomp_sources1GB_7",37,4,17089005,0.03,2.648,4.464,5690564,96,0
"recomp_sources1GB_7",64,4,27523994,0.03,2.576,4.958,5744968,96,0
"recomp_sources1GB_7",8,4,13518436,0.03,1.353,3.109,5779436,96,0
"recomp_sources1GB_7",91,4,29819802,0.03,2.513,4.597,5770200,96,0
"recomp_sources1GB_7",1000,5,42885426,0.03,2.167,4.36,5475488,96,0
"recomp_sources1GB_7",128,5,31489503,0.03,2.512,3.963,5765612,96,0
"recomp_sources1GB_7",30000,5,47449946,0.03,27.975,8.659,6979152,96,0
"recomp_sources1GB_7",37,5,20727068,0.03,2.543,3.819,5386220,96,0
"recomp_sources1GB_7",64,5,22253925,0.03,2.516,4.171,5765612,96,0
"recomp_sources1GB_7",8,5,6715749,0.03,2.512,3.31,5597604,96,0
"recomp_sources1GB_7",91,5,28820904,0.03,2.466,5.229,5894184,96,0
"recomp_sources1GB_9",1000,1,24833684,0.03,4.035,7.982,9323184,96,0
"recomp_sources1GB_9",128,1,22642543,0.03,0.433,7.606,9314452,96,0
"recomp_sources1GB_9",30000,1,29051096,0.03,9.529,15.515,11169292,96,0
"recomp_sources1GB_9",37,1,19167416,0.03,1.593,7.956,9333896,96,0
"recomp_sources1GB_9",64,1,21329285,0.03,0.795,7.043,9318776,96,0
"recomp_sources1GB_9",8,1,13931326,0.03,0.49,5.256,9304448,96,0
"recomp_sources1GB_9",91,1,22234916,0.03,0.844,7.184,9322340,96,0
"recomp_sources1GB_9",1000,2,24960280,0.03,1.908,8.023,9322232,96,0
"recomp_sources1GB_9",128,2,22442891,0.03,0.702,7.43,9332560,96,0
"recomp_sources1GB_9",30000,2,29134124,0.03,13.505,14.739,11172748,96,0
"recomp_sources1GB_9",37,2,19424533,0.03,1.469,7.537,9336808,96,0
"recomp_sources1GB_9",64,2,21307329,0.03,0.877,6.943,9328876,96,0
"recomp_sources1GB_9",8,2,14202879,0.03,0.397,5.79,9319220,96,0
"recomp_sources1GB_9",91,2,22132481,0.03,0.904,8.193,9324944,96,0
"recomp_sources1GB_9",1000,3,24799698,0.03,3.624,8.949,9267904,96,0
"recomp_sources1GB_9",128,3,22512897,0.03,0.822,7.396,9335116,96,0
"recomp_sources1GB_9",30000,3,29024247,0.03,10.453,15.118,11169384,96,0
"recomp_sources1GB_9",37,3,19310284,0.03,1.727,6.433,9322224,96,0
"recomp_sources1GB_9",64,3,21378769,0.03,2.621,7.492,9325148,96,0
"recomp_sources1GB_9",8,3,14134172,0.03,0.402,6.206,9323748,96,0
"recomp_sources1GB_9",91,3,22226399,0.03,0.625,6.986,9324356,96,0
"recomp_sources1GB_9",1000,4,24982184,0.03,2.229,8.732,9322724,96,0
"recomp_sources1GB_9",128,4,22631396,0.03,0.438,7.328,9336620,96,0
"recomp_sources1GB_9",30000,4,29084665,0.03,9.1,15.802,11151028,96,0
"recomp_sources1GB_9",37,4,18445289,0.03,2.031,8.176,9332884,96,0
"recomp_sources1GB_9",64,4,21402402,0.03,0.676,7.059,9333524,96,0
"recomp_sources1GB_9",8,4,14181389,0.03,0.348,5.765,9328816,96,0
"recomp_sources1GB_9",91,4,22055143,0.03,0.793,7.252,9333732,96,0
"recomp_sources1GB_9",1000,5,24845535,0.03,5.855,8.577,9314268,96,0
"recomp_sources1GB_9",128,5,22541567,0.03,0.738,8.218,9189564,96,0
"recomp_sources1GB_9",30000,5,29076372,0.03,10.378,15.524,11171096,96,0
"recomp_sources1GB_9",37,5,19486656,0.03,1.67,6.289,9313912,96,0
"recomp_sources1GB_9",64,5,21458178,0.03,0.855,7.322,9323060,96,0
"recomp_sources1GB_9",8,5,14156497,0.03,0.724,5.765,9168416,96,0
"recomp_sources1GB_9",91,5,22168623,0.03,0.714,7.311,9323104,96,0
"rgg26_3d",1000,1,8793335,0.03,0.025,10.573,22148464,96,0
"rgg26_3d",128,1,4135709,0.03,0.012,10.88,22299884,96,0
"rgg26_3d",30000,1,27109005,0.03,2.939,16.836,23316204,96,0
"rgg26_3d",37,1,2432830,0.03,0.004,10.6,22616884,96,0
"rgg26_3d",64,1,3059950,0.03,0.005,10.746,22637120,96,0
"rgg26_3d",8,1,1039209,0.03,0,10.905,23602012,96,0
"rgg26_3d",91,1,3636737,0.03,0.007,10.81,22284364,96,0
"rgg26_3d",1000,2,8782242,0.03,0.023,11.325,22145644,96,0
"rgg26_3d",128,2,4146158,0.03,0.015,11.604,22290972,96,0
"rgg26_3d",30000,2,27107596,0.03,2.928,18.368,23100172,96,0
"rgg26_3d",37,2,2468304,0.03,0.003,9.958,22655504,96,0
"rgg26_3d",64,2,3055051,0.03,0.004,10.418,22710996,96,0
"rgg26_3d",8,2,1042401,0.03,0,10.874,23559820,96,0
"rgg26_3d",91,2,3611054,0.03,0.012,10.27,22289392,96,0
"rgg26_3d",1000,3,8791111,0.03,0.026,10.577,22146564,96,0
"rgg26_3d",128,3,4171261,0.03,0.015,10.323,22288072,96,0
"rgg26_3d",30000,3,27089588,0.03,3.116,17.593,23505064,96,0
"rgg26_3d",37,3,2487063,0.03,0.004,10.698,22595088,96,0
"rgg26_3d",64,3,3041860,0.03,0.005,10.227,22691288,96,0
"rgg26_3d",8,3,1037595,0.03,0,10.436,23647940,96,0
"rgg26_3d",91,3,3607352,0.03,0.011,11.092,22284660,96,0
"rgg26_3d",1000,4,8775928,0.03,0.026,11.961,22141644,96,0
"rgg26_3d",128,4,4149017,0.03,0.015,10.372,22296876,96,0
"rgg26_3d",30000,4,27090598,0.03,3.065,17.624,23197216,96,0
"rgg26_3d",37,4,2461686,0.03,0.002,10.322,22634204,96,0
"rgg26_3d",64,4,3067649,0.03,0.003,10.363,22627756,96,0
"rgg26_3d",8,4,1034684,0.03,0,10.97,23591580,96,0
"rgg26_3d",91,4,3641816,0.03,0.014,10.312,22295356,96,0
"rgg26_3d",1000,5,8773206,0.03,0.023,10.955,22141432,96,0
"rgg26_3d",128,5,4160574,0.03,0.011,10.255,22304104,96,0
"rgg26_3d",30000,5,27086362,0.03,2.881,18.818,23677996,96,0
"rgg26_3d",37,5,2454663,0.03,0.002,10.913,22621848,96,0
"rgg26_3d",64,5,3059677,0.03,0.005,10.407,22647024,96,0
"rgg26_3d",8,5,1034220,0.03,0,10.804,23631388,96,0
"rgg26_3d",91,5,3612961,0.03,0.006,10.004,22292684,96,0
"rgg26",1000,1,2582879,0.03,0.03,11.316,28311140,96,0
"rgg26",128,1,893767,0.03,0.004,10.262,28259036,96,0
"rgg26",30000,1,14725558,0.03,3.507,14.802,29070016,96,0
"rgg26",37,1,451448,0.03,0.001,12.078,28390484,96,0
"rgg26",64,1,612223,0.03,0.001,11.11,28416556,96,0
"rgg26",8,1,166310,0.03,0,10.585,28912096,96,0
"rgg26",91,1,742529,0.03,0.003,10.506,28301404,96,0
"rgg26",1000,2,2581760,0.03,0.028,11.023,28313936,96,0
"rgg26",128,2,899803,0.03,0.003,11.187,28329784,96,0
"rgg26",30000,2,14700898,0.03,3.521,15.046,29107652,96,0
"rgg26",37,2,454697,0.03,0.001,11.502,28345844,96,0
"rgg26",64,2,609573,0.03,0.001,10.348,28374144,96,0
"rgg26",8,2,164727,0.03,0,10.32,28924356,96,0
"rgg26",91,2,746948,0.03,0.002,10.682,28288936,96,0
"rgg26",1000,3,2571917,0.03,0.028,10.265,28309372,96,0
"rgg26",128,3,899367,0.03,0.005,10.562,28256492,96,0
"rgg26",30000,3,14725514,0.03,3.587,14.75,29162012,96,0
"rgg26",37,3,455099,0.03,0.002,9.941,28419616,96,0
"rgg26",64,3,613828,0.03,0.001,10.707,28423520,96,0
"rgg26",8,3,167498,0.03,0,10.961,28939816,96,0
"rgg26",91,3,738519,0.03,0.003,10.214,28278780,96,0
"rgg26",1000,4,2571498,0.03,0.029,10.781,28303508,96,0
"rgg26",128,4,897530,0.03,0.005,11.167,28284488,96,0
"rgg26",30000,4,14741642,0.03,3.599,14.691,29045972,96,0
"rgg26",37,4,449908,0.03,0.001,10.76,28355312,96,0
"rgg26",64,4,611398,0.03,0.001,10.784,28370556,96,0
"rgg26",8,4,166246,0.03,0,10.713,28933160,96,0
"rgg26",91,4,747027,0.03,0.002,10.153,28243512,96,0
"rgg26",1000,5,2571190,0.03,0.029,11.336,28318692,96,0
"rgg26",128,5,898103,0.03,0.004,10.414,28258108,96,0
"rgg26",30000,5,14700628,0.03,3.606,14.949,29292072,96,0
"rgg26",37,5,455638,0.03,0.001,10.36,28385428,96,0
"rgg26",64,5,605092,0.03,0.002,10.193,28376748,96,0
"rgg26",8,5,168044,0.03,0,11.294,28964756,96,0
"rgg26",91,5,750559,0.03,0.003,9.713,28298624,96,0
"rhg23",1000,1,8883373,0.03,0.379,3.033,3847504,96,0
"rhg23",128,1,5070825,0.03,0.132,2.123,3847508,96,0
"rhg23",30000,1,15104948,0.03,3.621,13.957,6701692,96,0
"rhg23",37,1,3077632,0.03,0.03,3.046,3854144,96,0
"rhg23",64,1,3755335,0.03,0.035,2.589,3850316,96,0
"rhg23",8,1,1051916,0.03,0.007,2.603,3964968,96,0
"rhg23",91,1,4610728,0.03,0.257,3.046,3850688,96,0
"rhg23",1000,2,8782019,0.03,0.321,5.432,3842156,96,0
"rhg23",128,2,5064409,0.03,0.176,2.291,3849044,96,0
"rhg23",30000,2,15180982,0.03,3.531,14.547,6739836,96,0
"rhg23",37,2,2913049,0.03,0.032,3.134,3845956,96,0
"rhg23",64,2,3796679,0.03,0.034,2.518,3846396,96,0
"rhg23",8,2,1044259,0.03,0.005,2.244,4064476,96,0
"rhg23",91,2,4463150,0.03,0.044,2.79,3849408,96,0
"rhg23",1000,3,8827444,0.03,0.188,3.339,3843824,96,0
"rhg23",128,3,5184611,0.03,0.413,2.357,3849844,96,0
"rhg23",30000,3,15259745,0.03,3.513,12.763,6618288,96,0
"rhg23",37,3,3050937,0.03,0.03,3.31,3847028,96,0
"rhg23",64,3,3948663,0.03,0.083,2.34,3860596,96,0
"rhg23",8,3,1074815,0.03,0.01,2.644,3851152,96,0
"rhg23",91,3,4530768,0.03,0.041,2.685,3849132,96,0
"rhg23",1000,4,8820591,0.03,0.145,2.485,3852808,96,0
"rhg23",128,4,5287071,0.03,0.083,2.655,3849352,96,0
"rhg23",30000,4,15192747,0.03,3.363,13.571,6683472,96,0
"rhg23",37,4,2983291,0.03,0.031,2.754,3855484,96,0
"rhg23",64,4,3964479,0.03,0.034,2.485,3861616,96,0
"rhg23",8,4,1135455,0.03,0.016,3.06,4038836,96,0
"rhg23",91,4,4556479,0.03,0.308,3.005,3850864,96,0
"rhg23",1000,5,8876193,0.03,0.145,3.861,3839792,96,0
"rhg23",128,5,4997021,0.03,0.084,3.839,3851616,96,0
"rhg23",30000,5,15248354,0.03,3.331,12.825,6735692,96,0
"rhg23",37,5,2953786,0.03,0.03,2.665,3839276,96,0
"rhg23",64,5,3961177,0.03,0.046,3.393,3858220,96,0
"rhg23",8,5,1192031,0.03,0.005,3.32,3847648,96,0
"rhg23",91,5,4597921,0.03,0.049,2.979,3830276,96,0
"rhg",1000,1,2323517,0.03,0.083,3.695,12726180,96,0
"rhg",128,1,402022,0.03,0.015,5.137,12712184,96,0
"rhg",30000,1,26999695,0.03,3.809,12.317,12730228,96,0
"rhg",37,1,137061,0.03,0.008,4.138,12709292,96,0
"rhg",64,1,253676,0.03,0.009,3.982,12698284,96,0
"rhg",8,1,37539,0.03,0.008,4.293,12735272,96,0
"rhg",91,1,340426,0.03,0.011,3.687,12716352,96,0
"rhg",1000,2,2353966,0.03,0.071,4.768,12723084,96,0
"rhg",128,2,435552,0.03,0.016,3.894,12739804,96,0
"rhg",30000,2,26966361,0.03,3.743,12.403,12745896,96,0
"rhg",37,2,137651,0.03,0.012,3.854,12733864,96,0
"rhg",64,2,247153,0.03,0.012,3.89,12732164,96,0
"rhg",8,2,32037,0.03,0.009,4.75,12729244,96,0
"rhg",91,2,321943,0.03,0.01,4.026,12749552,96,0
"rhg",1000,3,2331785,0.03,0.086,4.528,12742592,96,0
"rhg",128,3,451007,0.03,0.019,4.134,12737000,96,0
"rhg",30000,3,26900474,0.03,3.779,13.334,12739532,96,0
"rhg",37,3,169073,0.03,0.009,3.889,12750000,96,0
"rhg",64,3,250860,0.03,0.01,3.606,12733500,96,0
"rhg",8,3,33441,0.03,0.004,3.907,12740380,96,0
"rhg",91,3,338164,0.03,0.012,3.739,12719596,96,0
"rhg",1000,4,2341749,0.03,0.079,3.965,12733928,96,0
"rhg",128,4,443200,0.03,0.017,3.754,12733880,96,0
"rhg",30000,4,26977959,0.03,3.542,13.012,12749648,96,0
"rhg",37,4,163707,0.03,0.011,3.92,12739688,96,0
"rhg",64,4,240555,0.03,0.01,3.754,12747660,96,0
"rhg",8,4,33316,0.03,0.001,3.651,12732652,96,0
"rhg",91,4,329752,0.03,0.013,4.224,12741884,96,0
"rhg",1000,5,2354136,0.03,0.072,4.026,12733684,96,0
"rhg",128,5,420814,0.03,0.014,4.205,12733484,96,0
"rhg",30000,5,27007471,0.03,3.878,12.416,12744636,96,0
"rhg",37,5,151448,0.03,0.006,3.802,12731496,96,0
"rhg",64,5,231124,0.03,0.007,3.954,12735788,96,0
"rhg",8,5,32956,0.03,0.011,3.693,12740528,96,0
"rhg",91,5,319589,0.03,0.016,3.611,12740520,96,0
"rmat_n16_m24",1000,1,16517835,0.03,33.108,6.182,6068736,96,0
"rmat_n16_m24",128,1,15523103,0.03,15.33,1.886,2074924,96,0
"rmat_n16_m24",30000,1,16732418,0.03,43.409,9.001,7603052,96,0
"rmat_n16_m24",37,1,14066385,0.03,9.038,1.237,1614604,96,0
"rmat_n16_m24",64,1,16024928,0.03,5.422,1.631,1526920,96,0
"rmat_n16_m24",8,1,12989819,0.03,1.203,0.785,1413120,96,0
"rmat_n16_m24",91,1,15634918,0.03,14.389,1.703,1597932,96,0
"rmat_n16_m24",1000,2,16349792,0.03,44.126,5.605,6056288,96,0
"rmat_n16_m24",128,2,15681224,0.03,12.088,2.509,2082840,96,0
"rmat_n16_m24",30000,2,16731883,0.03,43.409,8.382,7545724,96,0
"rmat_n16_m24",37,2,15278717,0.03,5.035,1.498,1468820,96,0
"rmat_n16_m24",64,2,15402275,0.03,10.787,1.269,1565724,96,0
"rmat_n16_m24",8,2,12785194,0.03,1.362,0.787,1410048,96,0
"rmat_n16_m24",91,2,15733499,0.03,11.196,1.573,1610824,96,0
"rmat_n16_m24",1000,3,16523186,0.03,25.432,5.889,6048620,96,0
"rmat_n16_m24",128,3,14887175,0.03,19.167,2.76,2069068,96,0
"rmat_n16_m24",30000,3,16729950,0.03,43.409,9.029,7562956,96,0
"rmat_n16_m24",37,3,13467516,0.03,15.781,1.666,1637820,96,0
"rmat_n16_m24",64,3,15796519,0.03,8.393,1.431,1572004,96,0
"rmat_n16_m24",8,3,12535999,0.03,1.619,0.439,1408336,96,0
"rmat_n16_m24",91,3,15479975,0.03,9.859,1.433,1605412,96,0
"rmat_n16_m24",1000,4,16532974,0.03,25.279,5.568,6054912,96,0
"rmat_n16_m24",128,4,16097004,0.03,9.357,2.893,1981656,96,0
"rmat_n16_m24",30000,4,16729621,0.03,43.409,8.824,7526620,96,0
"rmat_n16_m24",37,4,15300609,0.03,6.446,0.715,1491980,96,0
"rmat_n16_m24",64,4,15496278,0.03,9.346,1.721,1551028,96,0
"rmat_n16_m24",8,4,12740177,0.03,1.527,0.812,1405440,96,0
"rmat_n16_m24",91,4,13042979,0.03,24.067,1.937,1671336,96,0
"rmat_n16_m24",1000,5,16535865,0.03,27.187,6.34,5948252,96,0
"rmat_n16_m24",128,5,15810430,0.03,8.951,3.056,2069556,96,0
"rmat_n16_m24",30000,5,16729539,0.03,43.409,9.109,7560588,96,0
"rmat_n16_m24",37,5,15557884,0.03,3.832,1.615,1461396,96,0
"rmat_n16_m24",64,5,15867648,0.03,5.405,0.947,1519636,96,0
"rmat_n16_m24",8,5,13040570,0.03,1.192,0.643,1405440,96,0
"rmat_n16_m24",91,5,15056557,0.03,14.84,1.948,1619440,96,0
"rmat_n25_m28",1000,1,237656476,0.03,15.363,135.025,132190120,96,0
"rmat_n25_m28",128,1,231357615,0.03,11.495,126.353,146970156,96,0
"rmat_n25_m28",30000,1,240450251,0.03,16.438,252.437,201596704,96,0
"rmat_n25_m28",37,1,219506666,0.03,2.457,103.827,149828988,96,0
"rmat_n25_m28",64,1,227056988,0.03,1.243,128.018,149636608,96,0
"rmat_n25_m28",8,1,174496883,0.03,2.35,126.628,175350928,96,0
"rmat_n25_m28",91,1,231300705,0.03,1.4,118.495,147196772,96,0
"rmat_n25_m28",1000,2,237098998,0.03,13.445,148.99,131873276,96,0
"rmat_n25_m28",128,2,232126634,0.03,9.526,125.066,147062596,96,0
"rmat_n25_m28",30000,2,240476415,0.03,19.129,251.333,201574324,96,0
"rmat_n25_m28",37,2,220497614,0.03,2.404,105.195,149778900,96,0
"rmat_n25_m28",64,2,228099044,0.03,0.372,126.944,149654800,96,0
"rmat_n25_m28",8,2,171700667,0.03,2.407,125.665,174875980,96,0
"rmat_n25_m28",91,2,228204888,0.03,5,125.351,145458368,96,0
"rmat_n25_m28",1000,3,237241028,0.03,13.019,146.729,132083368,96,0
"rmat_n25_m28",128,3,230915376,0.03,2.588,139.506,147234324,96,0
"rmat_n25_m28",30000,3,240459289,0.03,16.385,250.423,201463928,96,0
"rmat_n25_m28",37,3,220784698,0.03,2.202,105.371,149576176,96,0
"rmat_n25_m28",64,3,227679999,0.03,0.347,129.005,149515820,96,0
"rmat_n25_m28",8,3,170855773,0.03,2.475,126.37,174896568,96,0
"rmat_n25_m28",91,3,228144282,0.03,6.633,122.019,147138928,96,0
"rmat_n25_m28",1000,4,237654975,0.03,18.725,136.273,131563720,96,0
"rmat_n25_m28",128,4,230652954,0.03,6.552,134.152,147119072,96,0
"rmat_n25_m28",30000,4,240470213,0.03,18.792,251.397,201629184,96,0
"rmat_n25_m28",37,4,220191718,0.03,2.246,105.104,149331128,96,0
"rmat_n25_m28",64,4,227989243,0.03,0.44,131.531,149447292,96,0
"rmat_n25_m28",8,4,176199633,0.03,2.24,126.738,175470380,96,0
"rmat_n25_m28",91,4,228963263,0.03,1.982,122.038,146785168,96,0
"rmat_n25_m28",1000,5,237204569,0.03,6.467,154.04,132339528,96,0
"rmat_n25_m28",128,5,230487144,0.03,9.202,124.827,147392012,96,0
"rmat_n25_m28",30000,5,240485138,0.03,18.323,245.643,201478840,96,0
"rmat_n25_m28",37,5,220234178,0.03,2.335,106,149694652,96,0
"rmat_n25_m28",64,5,228355343,0.03,0.513,131.035,149346988,96,0
"rmat_n25_m28",8,5,172956009,0.03,2.336,126.718,175440648,96,0
"rmat_n25_m28",91,5,231149683,0.03,1.422,120.227,147572964,96,0
"Serena",1000,1,5396468,0.03,0.054,0.587,1885888,96,0
"Serena",128,1,2459856,0.03,0.033,0.377,1672380,96,0
"Serena",30000,1,17197558,0.03,3.506,13.139,5076104,96,0
"Serena",37,1,1434908,0.03,0.032,0.394,1571008,96,0
"Serena",64,1,1834120,0.03,0.033,0.537,1621144,96,0
"Serena",8,1,663376,0.03,0.015,0.543,1584880,96,0
"Serena",91,1,2139356,0.03,0.03,0.611,1652412,96,0
"Serena",1000,2,5368104,0.03,0.053,0.575,1895100,96,0
"Serena",128,2,2463150,0.03,0.036,0.371,1660096,96,0
"Serena",30000,2,17190724,0.03,3.032,13.535,5136780,96,0
"Serena",37,2,1447799,0.03,0.03,0.68,1565548,96,0
"Serena",64,2,1826422,0.03,0.03,0.372,1621692,96,0
"Serena",8,2,664074,0.03,0.016,0.496,1586364,96,0
"Serena",91,2,2125363,0.03,0.033,0.711,1643288,96,0
"Serena",1000,3,5379173,0.03,0.049,0.578,1893568,96,0
"Serena",128,3,2467673,0.03,0.035,0.367,1669308,96,0
"Serena",30000,3,17184719,0.03,3.485,12.786,5120176,96,0
"Serena",37,3,1465788,0.03,0.031,0.684,1568124,96,0
"Serena",64,3,1841487,0.03,0.031,0.352,1626300,96,0
"Serena",8,3,652215,0.03,0.016,0.622,1578912,96,0
"Serena",91,3,2146605,0.03,0.034,0.368,1643192,96,0
"Serena",1000,4,5389060,0.03,0.045,0.578,1902788,96,0
"Serena",128,4,2441068,0.03,0.033,0.373,1666232,96,0
"Serena",30000,4,17183748,0.03,3.506,12.489,5113032,96,0
"Serena",37,4,1458850,0.03,0.031,0.974,1568036,96,0
"Serena",64,4,1812519,0.03,0.031,0.355,1615548,96,0
"Serena",8,4,677304,0.03,0.022,0.559,1586456,96,0
"Serena",91,4,2139225,0.03,0.031,0.732,1638080,96,0
"Serena",1000,5,5380239,0.03,0.045,0.582,1902772,96,0
"Serena",128,5,2461999,0.03,0.036,1.429,1667864,96,0
"Serena",30000,5,17197473,0.03,3.744,12.756,5131516,96,0
"Serena",37,5,1456298,0.03,0.031,0.851,1569412,96,0
"Serena",64,5,1839630,0.03,0.033,0.719,1619604,96,0
"Serena",8,5,709377,0.03,0.018,0.987,1582740,96,0
"Serena",91,5,2153375,0.03,0.035,0.36,1647800,96,0
"sk-2005",1000,1,0,0.03,0,0,159205188,96,1
"sk-2005",128,1,0,0.03,0,0,160119920,96,1
"sk-2005",30000,1,0,0.03,0,0,167003576,96,1
"sk-2005",37,1,0,0.03,0,0,159628692,96,1
"sk-2005",64,1,0,0.03,0,0,160972928,96,1
"sk-2005",8,1,0,0.03,0,0,166409732,96,1
"sk-2005",91,1,0,0.03,0,0,159918312,96,1
"sk-2005",1000,2,0,0.03,0,0,159470444,96,1
"sk-2005",128,2,0,0.03,0,0,160008976,96,1
"sk-2005",30000,2,0,0.03,0,0,165724592,96,1
"sk-2005",37,2,0,0.03,0,0,160332860,96,1
"sk-2005",64,2,0,0.03,0,0,160893008,96,1
"sk-2005",8,2,0,0.03,0,0,167211712,96,1
"sk-2005",91,2,0,0.03,0,0,158650836,96,1
"sk-2005",1000,3,0,0.03,0,0,159896804,96,1
"sk-2005",128,3,0,0.03,0,0,160646952,96,1
"sk-2005",30000,3,0,0.03,0,0,169739528,96,1
"sk-2005",37,3,0,0.03,0,0,159321684,96,1
"sk-2005",64,3,0,0.03,0,0,160869288,96,1
"sk-2005",8,3,0,0.03,0,0,167568280,96,1
"sk-2005",91,3,0,0.03,0,0,158585036,96,1
"sk-2005",1000,4,0,0.03,0,0,160491412,96,1
"sk-2005",128,4,0,0.03,0,0,159845484,96,1
"sk-2005",30000,4,0,0.03,0,0,165834308,96,1
"sk-2005",37,4,0,0.03,0,0,159743864,96,1
"sk-2005",64,4,0,0.03,0,0,159876020,96,1
"sk-2005",8,4,0,0.03,0,0,166319664,96,1
"sk-2005",91,4,0,0.03,0,0,159515160,96,1
"sk-2005",1000,5,0,0.03,0,0,159542080,96,1
"sk-2005",128,5,0,0.03,0,0,160032728,96,1
"sk-2005",30000,5,0,0.03,0,0,167447188,96,1
"sk-2005",37,5,0,0.03,0,0,159623088,96,1
"sk-2005",64,5,0,0.03,0,0,158819656,96,1
"sk-2005",8,5,0,0.03,0,0,165985232,96,1
"sk-2005",91,5,0,0.03,0,0,160980452,96,1
"soc-flickr-und",1000,1,11604971,0.03,5.981,4.123,5352448,96,0
"soc-flickr-und",128,1,9060562,0.03,1.067,3.624,5347836,96,0
"soc-flickr-und",30000,1,13122422,0.03,15.686,18.048,12387812,96,0
"soc-flickr-und",37,1,6324566,0.03,0.657,2.712,5346300,96,0
"soc-flickr-und",64,1,7290844,0.03,0.597,3.198,5343080,96,0
"soc-flickr-und",8,1,4246934,0.03,0.491,3.58,5405412,96,0
"soc-flickr-und",91,1,8579090,0.03,1.371,3.588,5344056,96,0
"soc-flickr-und",1000,2,11374575,0.03,2.249,4.236,5344780,96,0
"soc-flickr-und",128,2,9064310,0.03,0.257,3.527,5345760,96,0
"soc-flickr-und",30000,2,13121558,0.03,14.007,17.7,12399644,96,0
"soc-flickr-und",37,2,6283895,0.03,0.446,2.886,5404652,96,0
"soc-flickr-und",64,2,7628918,0.03,1.236,2.849,5341688,96,0
"soc-flickr-und",8,2,4250005,0.03,0.263,2.787,5342248,96,0
"soc-flickr-und",91,2,8564418,0.03,0.902,4.175,5353888,96,0
"soc-flickr-und",1000,3,11566331,0.03,2.861,4.051,5347652,96,0
"soc-flickr-und",128,3,8868054,0.03,0.865,3.177,5350304,96,0
"soc-flickr-und",30000,3,13131456,0.03,19.446,17.33,12349756,96,0
"soc-flickr-und",37,3,5979776,0.03,0.415,2.845,5347832,96,0
"soc-flickr-und",64,3,6912910,0.03,0.772,3.675,5349836,96,0
"soc-flickr-und",8,3,4480268,0.03,0.67,2.657,5389292,96,0
"soc-flickr-und",91,3,8288691,0.03,1.044,3.134,5353976,96,0
"soc-flickr-und",1000,4,11601218,0.03,2.569,4.084,5404668,96,0
"soc-flickr-und",128,4,9141129,0.03,0.837,3.095,5353964,96,0
"soc-flickr-und",30000,4,13122376,0.03,18.921,17.666,12385432,96,0
"soc-flickr-und",37,4,6545737,0.03,0.558,2.991,5338988,96,0
"soc-flickr-und",64,4,6864917,0.03,0.437,2.838,5353976,96,0
"soc-flickr-und",8,4,4431634,0.03,0.543,3.274,5349368,96,0
"soc-flickr-und",91,4,8247408,0.03,0.447,2.869,5401592,96,0
"soc-flickr-und",1000,5,11426645,0.03,2.147,4.283,5346300,96,0
"soc-flickr-und",128,5,8957485,0.03,0.739,2.872,5349368,96,0
"soc-flickr-und",30000,5,13067133,0.03,17.942,17.22,12359180,96,0
"soc-flickr-und",37,5,6156542,0.03,0.463,2.726,5350908,96,0
"soc-flickr-und",64,5,7694749,0.03,0.245,4.844,5397388,96,0
"soc-flickr-und",8,5,4138446,0.03,0.941,2.832,5346296,96,0
"soc-flickr-und",91,5,8535436,0.03,0.328,3.575,5347580,96,0
"soc-sinaweibo",1000,1,153039497,0.03,2.006,552.328,248718104,96,0
"soc-sinaweibo",128,1,132222878,0.03,0.459,491.31,245964788,96,0
"soc-sinaweibo",30000,1,192347453,0.03,2.648,621.396,247166248,96,0
"soc-sinaweibo",37,1,113586112,0.03,0.601,475.011,248055864,96,0
"soc-sinaweibo",64,1,123203553,0.03,0.351,478.572,248881576,96,0
"soc-sinaweibo",8,1,78919457,0.03,0.162,350.138,246488624,96,0
"soc-sinaweibo",91,1,126696849,0.03,0.674,496.112,248998992,96,0
"soc-sinaweibo",1000,2,153629393,0.03,1.995,561.691,247616588,96,0
"soc-sinaweibo",128,2,130628902,0.03,1.055,489.831,248668356,96,0
"soc-sinaweibo",30000,2,193357433,0.03,3.721,665.419,245850216,96,0
"soc-sinaweibo",37,2,113475925,0.03,0.786,475.251,247837132,96,0
"soc-sinaweibo",64,2,121588116,0.03,0.388,483.303,248626592,96,0
"soc-sinaweibo",8,2,76862262,0.03,0.441,353.724,248494068,96,0
"soc-sinaweibo",91,2,126922669,0.03,0.488,495.737,244804336,96,0
"soc-sinaweibo",1000,3,153412950,0.03,1.969,564.4,245852596,96,0
"soc-sinaweibo",128,3,131193255,0.03,0.409,497.616,248236124,96,0
"soc-sinaweibo",30000,3,193783971,0.03,3.246,686.998,248108708,96,0
"soc-sinaweibo",37,3,112510775,0.03,1.148,468.573,248066736,96,0
"soc-sinaweibo",64,3,122891036,0.03,0.217,475.349,249183188,96,0
"soc-sinaweibo",8,3,77952858,0.03,0.309,342.539,247471284,96,0
"soc-sinaweibo",91,3,125479377,0.03,1.029,485.927,248433264,96,0
"soc-sinaweibo",1000,4,153546474,0.03,1.553,560.943,247283256,96,0
"soc-sinaweibo",128,4,131446772,0.03,0.489,497.007,248466152,96,0
"soc-sinaweibo",30000,4,195073605,0.03,2.947,708.218,248085224,96,0
"soc-sinaweibo",37,4,112038318,0.03,0.776,459.626,247512356,96,0
"soc-sinaweibo",64,4,122337578,0.03,0.558,476.041,247776484,96,0
"soc-sinaweibo",8,4,78840250,0.03,0.192,353.944,248363436,96,0
"soc-sinaweibo",91,4,127008946,0.03,0.488,502.407,248768344,96,0
"soc-sinaweibo",1000,5,152977406,0.03,2.066,554.789,246968248,96,0
"soc-sinaweibo",128,5,131858090,0.03,0.417,493.309,247906848,96,0
"soc-sinaweibo",30000,5,195095812,0.03,3.008,693.986,246195436,96,0
"soc-sinaweibo",37,5,111130447,0.03,0.674,464.739,248487340,96,0
"soc-sinaweibo",64,5,122577803,0.03,0.347,471.462,247600104,96,0
"soc-sinaweibo",8,5,75140984,0.03,0.323,344.163,248845600,96,0
"soc-sinaweibo",91,5,125400140,0.03,1.478,487.715,248530556,96,0
"stokes",1000,1,34961945,0.03,0.039,6.359,19606076,96,0
"stokes",128,1,13124164,0.03,0.029,6.204,19727636,96,0
"stokes",30000,1,114702958,0.03,3.017,27.499,21110756,96,0
"stokes",37,1,5939413,0.03,0.02,6.702,19604240,96,0
"stokes",64,1,8504104,0.03,0.027,7.489,19985968,96,0
"stokes",8,1,2210082,0.03,0.001,6.459,19702504,96,0
"stokes",91,1,10439014,0.03,0.027,6.972,19532596,96,0
"stokes",1000,2,34826366,0.03,0.037,6.354,19712392,96,0
"stokes",128,2,13149321,0.03,0.03,6.749,19718748,96,0
"stokes",30000,2,114742716,0.03,3.006,25.819,21203392,96,0
"stokes",37,2,6111624,0.03,0.021,6.132,19917644,96,0
"stokes",64,2,8417578,0.03,0.028,6.805,19726408,96,0
"stokes",8,2,2046624,0.03,0.003,5.456,19503352,96,0
"stokes",91,2,10501967,0.03,0.029,7.328,19619152,96,0
"stokes",1000,3,34598685,0.03,0.041,8.217,19753876,96,0
"stokes",128,3,12858032,0.03,0.03,6.496,19441684,96,0
"stokes",30000,3,114663134,0.03,2.802,24.99,21384932,96,0
"stokes",37,3,5812482,0.03,0.024,6.359,19966328,96,0
"stokes",64,3,8507936,0.03,0.028,6.647,19728140,96,0
"stokes",8,3,2064406,0.03,0,6.641,19717200,96,0
"stokes",91,3,10435817,0.03,0.028,6.24,19709612,96,0
"stokes",1000,4,34918276,0.03,0.036,7.816,19712800,96,0
"stokes",128,4,13284581,0.03,0.028,7.43,19734980,96,0
"stokes",30000,4,114739019,0.03,2.962,25.477,21297688,96,0
"stokes",37,4,6018944,0.03,0.015,6.703,19696912,96,0
"stokes",64,4,8554085,0.03,0.026,7.664,19723872,96,0
"stokes",8,4,2096945,0.03,0.003,5.939,19895612,96,0
"stokes",91,4,10416428,0.03,0.028,6.878,19730368,96,0
"stokes",1000,5,34840948,0.03,0.035,7.475,19805064,96,0
"stokes",128,5,13015863,0.03,0.03,7.153,20074788,96,0
"stokes",30000,5,114983435,0.03,2.881,26.436,21155668,96,0
"stokes",37,5,5972172,0.03,0.023,6.02,19928684,96,0
"stokes",64,5,8660736,0.03,0.023,6.266,19716064,96,0
"stokes",8,5,2098899,0.03,0.003,6.025,19287572,96,0
"stokes",91,5,10322252,0.03,0.025,7.255,19748272,96,0
"twitter-2010",1000,1,0,0.03,0,0,920102140,96,1
"twitter-2010",128,1,0,0.03,0,0,920205080,96,1
"twitter-2010",30000,1,0,0.03,0,0,919515644,96,1
"twitter-2010",37,1,0,0.03,0,0,920234172,96,1
"twitter-2010",64,1,0,0.03,0,0,920858668,96,1
"twitter-2010",8,1,0,0.03,0,0,918787152,96,1
"twitter-2010",91,1,0,0.03,0,0,920422244,96,1
"twitter-2010",1000,2,0,0.03,0,0,920533668,96,1
"twitter-2010",128,2,0,0.03,0,0,920392640,96,1
"twitter-2010",30000,2,0,0.03,0,0,920448756,96,1
"twitter-2010",37,2,0,0.03,0,0,920786472,96,1
"twitter-2010",64,2,0,0.03,0,0,921255620,96,1
"twitter-2010",8,2,0,0.03,0,0,919783596,96,1
"twitter-2010",91,2,0,0.03,0,0,920975408,96,1
"twitter-2010",1000,3,0,0.03,0,0,920922396,96,1
"twitter-2010",128,3,0,0.03,0,0,920754732,96,1
"twitter-2010",30000,3,0,0.03,0,0,919770972,96,1
"twitter-2010",37,3,0,0.03,0,0,919754724,96,1
"twitter-2010",64,3,0,0.03,0,0,920181956,96,1
"twitter-2010",8,3,0,0.03,0,0,920009568,96,1
"twitter-2010",91,3,0,0.03,0,0,920940308,96,1
"twitter-2010",1000,4,0,0.03,0,0,920651388,96,1
"twitter-2010",128,4,0,0.03,0,0,920599832,96,1
"twitter-2010",30000,4,0,0.03,0,0,921116892,96,1
"twitter-2010",37,4,0,0.03,0,0,920701552,96,1
"twitter-2010",64,4,0,0.03,0,0,920462760,96,1
"twitter-2010",8,4,0,0.03,0,0,921408132,96,1
"twitter-2010",91,4,0,0.03,0,0,921131004,96,1
"twitter-2010",1000,5,0,0.03,0,0,920610580,96,1
"twitter-2010",128,5,0,0.03,0,0,920391328,96,1
"twitter-2010",30000,5,0,0.03,0,0,920723436,96,1
"twitter-2010",37,5,0,0.03,0,0,920679120,96,1
"twitter-2010",64,5,0,0.03,0,0,920094392,96,1
"twitter-2010",8,5,0,0.03,0,0,921108656,96,1
"twitter-2010",91,5,0,0.03,0,0,921054360,96,1
"uk-2005",1000,1,97998554,0.03,2.364,40.807,59544616,96,0
"uk-2005",128,1,55365816,0.03,1.322,39.128,60165672,96,0
"uk-2005",30000,1,155007779,0.03,5.699,57.076,62006360,96,0
"uk-2005",37,1,11280780,0.03,0.803,37.821,59923916,96,0
"uk-2005",64,1,39645805,0.03,1.253,36.527,60288932,96,0
"uk-2005",8,1,5982532,0.03,0.007,28.788,61555076,96,0
"uk-2005",91,1,55473126,0.03,0.723,37.881,59217624,96,0
"uk-2005",1000,2,97920453,0.03,2.062,39.78,58864496,96,0
"uk-2005",128,2,60693758,0.03,0.9,40.256,59454984,96,0
"uk-2005",30000,2,155162062,0.03,6.378,54.322,61881028,96,0
"uk-2005",37,2,11440960,0.03,0.802,36.251,60176220,96,0
"uk-2005",64,2,43258423,0.03,0.933,38.774,59745400,96,0
"uk-2005",8,2,6370233,0.03,0.007,29.084,61575848,96,0
"uk-2005",91,2,50830260,0.03,0.98,37.776,59806028,96,0
"uk-2005",1000,3,97886265,0.03,2.032,39.467,59717256,96,0
"uk-2005",128,3,56718132,0.03,1.878,39.622,59185692,96,0
"uk-2005",30000,3,154943621,0.03,3.868,62.934,61971884,96,0
"uk-2005",37,3,14335786,0.03,0.784,36.318,59942000,96,0
"uk-2005",64,3,52763652,0.03,0.236,37.055,60087864,96,0
"uk-2005",8,3,6118435,0.03,0.008,29.275,61626728,96,0
"uk-2005",91,3,39061830,0.03,1.947,39.973,59938108,96,0
"uk-2005",1000,4,98415076,0.03,2.259,41.366,58887256,96,0
"uk-2005",128,4,63084597,0.03,0.611,37.415,59315120,96,0
"uk-2005",30000,4,155177766,0.03,2.972,57.464,61635368,96,0
"uk-2005",37,4,11411559,0.03,0.798,36.715,59005204,96,0
"uk-2005",64,4,40677710,0.03,1.196,36.72,59811972,96,0
"uk-2005",8,4,6222749,0.03,0.006,28.599,61795024,96,0
"uk-2005",91,4,51603591,0.03,0.903,40.157,60337312,96,0
"uk-2005",1000,5,98352586,0.03,2.273,41.215,59384496,96,0
"uk-2005",128,5,61485192,0.03,1.446,37.425,59481572,96,0
"uk-2005",30000,5,155067437,0.03,3.144,53.261,61225724,96,0
"uk-2005",37,5,11247449,0.03,0.802,37.536,59581256,96,0
"uk-2005",64,5,42447748,0.03,1.122,37.465,59922052,96,0
"uk-2005",8,5,6111588,0.03,0.005,29.054,61565928,96,0
"uk-2005",91,5,41293488,0.03,1.646,40.465,60163424,96,0
"vas_stokes_2M",1000,1,11508537,0.03,0.054,1.331,3862548,96,0
"vas_stokes_2M",128,1,4657003,0.03,0.03,1.011,3515112,96,0
"vas_stokes_2M",30000,1,29648575,0.03,3.486,23.538,10114312,96,0
"vas_stokes_2M",37,1,2475435,0.03,0.03,2.468,3441428,96,0
"vas_stokes_2M",64,1,3319502,0.03,0.032,1.047,3459304,96,0
"vas_stokes_2M",8,1,879901,0.03,0.004,1.241,3558040,96,0
"vas_stokes_2M",91,1,3947975,0.03,0.033,1.106,3482996,96,0
"vas_stokes_2M",1000,2,11573484,0.03,0.104,1.447,3888632,96,0
"vas_stokes_2M",128,2,4685591,0.03,0.033,1.009,3521248,96,0
"vas_stokes_2M",30000,2,29657466,0.03,3.053,23.278,10086464,96,0
"vas_stokes_2M",37,2,2476507,0.03,0.027,1.688,3445912,96,0
"vas_stokes_2M",64,2,3355686,0.03,0.03,0.876,3484404,96,0
"vas_stokes_2M",8,2,898850,0.03,0.011,1.224,3584752,96,0
"vas_stokes_2M",91,2,3987092,0.03,0.035,1.001,3505888,96,0
"vas_stokes_2M",1000,3,11511320,0.03,0.068,2.095,3881332,96,0
"vas_stokes_2M",128,3,4645309,0.03,0.031,1.136,3508168,96,0
"vas_stokes_2M",30000,3,29671560,0.03,3.752,23.481,10304588,96,0
"vas_stokes_2M",37,3,2481438,0.03,0.03,0.79,3296116,96,0
"vas_stokes_2M",64,3,3314939,0.03,0.032,1,3489296,96,0
"vas_stokes_2M",8,3,887749,0.03,0.005,0.942,3571232,96,0
"vas_stokes_2M",91,3,3952223,0.03,0.03,0.919,3483136,96,0
"vas_stokes_2M",1000,4,11480616,0.03,0.07,1.546,3862196,96,0
"vas_stokes_2M",128,4,4689384,0.03,0.033,1.019,3515116,96,0
"vas_stokes_2M",30000,4,29662353,0.03,3.402,23.506,10183728,96,0
"vas_stokes_2M",37,4,2480970,0.03,0.028,1.017,3470380,96,0
"vas_stokes_2M",64,4,3321611,0.03,0.03,1.068,3496856,96,0
"vas_stokes_2M",8,4,868131,0.03,0.013,0.731,3403636,96,0
"vas_stokes_2M",91,4,3907147,0.03,0.03,1.186,3504532,96,0
"vas_stokes_2M",1000,5,11564373,0.03,0.075,1.275,3896032,96,0
"vas_stokes_2M",128,5,4640380,0.03,0.034,1.887,3529684,96,0
"vas_stokes_2M",30000,5,29666985,0.03,3.472,23.317,10025644,96,0
"vas_stokes_2M",37,5,2412931,0.03,0.026,1.437,3499800,96,0
"vas_stokes_2M",64,5,3324243,0.03,0.03,0.949,3327648,96,0
"vas_stokes_2M",8,5,894584,0.03,0.007,0.875,3551096,96,0
"vas_stokes_2M",91,5,3982867,0.03,0.031,0.777,3502816,96,0
"vas_stokes_4M",1000,1,17538664,0.03,0.07,2.615,6768168,96,0
"vas_stokes_4M",128,1,6560374,0.03,0.032,2.8,6656636,96,0
"vas_stokes_4M",30000,1,52422419,0.03,2.923,25.853,13508652,96,0
"vas_stokes_4M",37,1,3067073,0.03,0.03,2.957,6689328,96,0
"vas_stokes_4M",64,1,4454809,0.03,0.029,2.951,6629428,96,0
"vas_stokes_4M",8,1,1150950,0.03,0.009,2.088,6591300,96,0
"vas_stokes_4M",91,1,5359979,0.03,0.031,1.88,6600592,96,0
"vas_stokes_4M",1000,2,17415548,0.03,0.056,2.319,6792032,96,0
"vas_stokes_4M",128,2,6547135,0.03,0.031,1.742,6693092,96,0
"vas_stokes_4M",30000,2,52532677,0.03,3.032,25.477,13358116,96,0
"vas_stokes_4M",37,2,2994235,0.03,0.03,3.64,6684532,96,0
"vas_stokes_4M",64,2,4355491,0.03,0.03,1.845,6602200,96,0
"vas_stokes_4M",8,2,1108148,0.03,0.007,3.691,6678704,96,0
"vas_stokes_4M",91,2,5283478,0.03,0.033,2.609,6656444,96,0
"vas_stokes_4M",1000,3,17535012,0.03,0.063,3.312,6772476,96,0
"vas_stokes_4M",128,3,6517427,0.03,0.031,1.923,6766508,96,0
"vas_stokes_4M",30000,3,52493069,0.03,3.025,26.509,13505084,96,0
"vas_stokes_4M",37,3,3147170,0.03,0.026,3.118,6603440,96,0
"vas_stokes_4M",64,3,4490970,0.03,0.029,2.873,6687864,96,0
"vas_stokes_4M",8,3,1175519,0.03,0.003,2.495,6628248,96,0
"vas_stokes_4M",91,3,5372746,0.03,0.031,1.842,6553276,96,0
"vas_stokes_4M",1000,4,17441596,0.03,0.064,2.265,6835056,96,0
"vas_stokes_4M",128,4,6518196,0.03,0.032,2.179,6606056,96,0
"vas_stokes_4M",30000,4,52442459,0.03,2.546,26.535,13659984,96,0
"vas_stokes_4M",37,4,3162226,0.03,0.03,2.11,6643612,96,0
"vas_stokes_4M",64,4,4498748,0.03,0.031,2.271,6583680,96,0
"vas_stokes_4M",8,4,1152479,0.03,0.012,2.111,6670840,96,0
"vas_stokes_4M",91,4,5311794,0.03,0.031,2.349,6587044,96,0
"vas_stokes_4M",1000,5,17379538,0.03,0.056,3.21,6775980,96,0
"vas_stokes_4M",128,5,6542055,0.03,0.031,2.495,6837956,96,0
"vas_stokes_4M",30000,5,52459272,0.03,3.21,26.355,13306468,96,0
"vas_stokes_4M",37,5,3182814,0.03,0.027,2.207,6666284,96,0
"vas_stokes_4M",64,5,4375118,0.03,0.03,2.402,6676792,96,0
"vas_stokes_4M",8,5,1097127,0.03,0.004,2.946,6606144,96,0
"vas_stokes_4M",91,5,5366605,0.03,0.03,2.505,6664464,96,0
"webbase-2001",1000,1,22866665,0.03,0.186,41.8,113921276,96,0
"webbase-2001",128,1,19124026,0.03,0.03,43.427,113756228,96,0
"webbase-2001",30000,1,43432612,0.03,4.656,50.812,113756584,96,0
"webbase-2001",37,1,16368746,0.03,0.024,43.854,113783620,96,0
"webbase-2001",64,1,17654269,0.03,0.027,44.761,113775836,96,0
"webbase-2001",8,1,12402429,0.03,0.006,46.556,113743472,96,0
"webbase-2001",91,1,18167570,0.03,0.03,43.127,113795372,96,0
"webbase-2001",1000,2,22865016,0.03,0.386,42.145,113810312,96,0
"webbase-2001",128,2,19191837,0.03,0.033,42.895,113775720,96,0
"webbase-2001",30000,2,43082592,0.03,4.736,49.97,113773360,96,0
"webbase-2001",37,2,16698558,0.03,0.028,43.302,113804420,96,0
"webbase-2001",64,2,17273870,0.03,0.027,42.405,113748472,96,0
"webbase-2001",8,2,12552962,0.03,0.008,45.464,113740812,96,0
"webbase-2001",91,2,18361521,0.03,0.029,43.416,113740936,96,0
"webbase-2001",1000,3,22915542,0.03,0.097,41.991,113746668,96,0
"webbase-2001",128,3,19020184,0.03,0.03,43.612,113800256,96,0
"webbase-2001",30000,3,43643754,0.03,6.39,50.423,113761680,96,0
"webbase-2001",37,3,16571763,0.03,0.026,43.19,113865352,96,0
"webbase-2001",64,3,17426326,0.03,0.029,42.861,113745664,96,0
"webbase-2001",8,3,12205936,0.03,0.007,44.223,113760076,96,0
"webbase-2001",91,3,18265143,0.03,0.034,43.234,113741332,96,0
"webbase-2001",1000,4,22770724,0.03,0.19,41.919,113791152,96,0
"webbase-2001",128,4,19098059,0.03,0.037,44.485,113838132,96,0
"webbase-2001",30000,4,43582557,0.03,4.615,49.762,113821240,96,0
"webbase-2001",37,4,16621239,0.03,0.027,43.039,113792540,96,0
"webbase-2001",64,4,17440936,0.03,0.029,43.201,113767652,96,0
"webbase-2001",8,4,12468192,0.03,0.004,43.683,113914028,96,0
"webbase-2001",91,4,18367094,0.03,0.038,42.497,113748344,96,0
"webbase-2001",1000,5,22951476,0.03,0.28,42.702,113807300,96,0
"webbase-2001",128,5,19063481,0.03,0.026,42.982,113761772,96,0
"webbase-2001",30000,5,43231878,0.03,7.335,49.946,113887624,96,0
"webbase-2001",37,5,16491330,0.03,0.028,42.32,113781036,96,0
"webbase-2001",64,5,17637126,0.03,0.022,43.98,113758172,96,0
"webbase-2001",8,5,12513030,0.03,0.006,44.513,113775116,96,0
"webbase-2001",91,5,18395813,0.03,0.026,44.105,113830576,96,0
